-- phpMyAdmin SQL Dump
-- version 4.9.1
-- https://www.phpmyadmin.net/
--
-- Host: 127.0.0.1
-- Generation Time: Jun 01, 2020 at 04:56 PM
-- Server version: 10.4.8-MariaDB
-- PHP Version: 7.3.10

SET SQL_MODE = "NO_AUTO_VALUE_ON_ZERO";
SET AUTOCOMMIT = 0;
START TRANSACTION;
SET time_zone = "+00:00";


/*!40101 SET @OLD_CHARACTER_SET_CLIENT=@@CHARACTER_SET_CLIENT */;
/*!40101 SET @OLD_CHARACTER_SET_RESULTS=@@CHARACTER_SET_RESULTS */;
/*!40101 SET @OLD_COLLATION_CONNECTION=@@COLLATION_CONNECTION */;
/*!40101 SET NAMES utf8mb4 */;

--
-- Database: `csharp_bible_library`
--

-- --------------------------------------------------------

--
-- Table structure for table `admin`
--

CREATE TABLE `admin` (
  `id` int(11) NOT NULL,
  `username` varchar(255) NOT NULL,
  `password` varchar(255) NOT NULL
) ENGINE=InnoDB DEFAULT CHARSET=utf8;

--
-- Dumping data for table `admin`
--

INSERT INTO `admin` (`id`, `username`, `password`) VALUES
(1, 'admin', 'admin123');

-- --------------------------------------------------------

--
-- Table structure for table `angi`
--

CREATE TABLE `angi` (
  `id` int(11) NOT NULL,
  `number` int(11) NOT NULL,
  `name` varchar(255) NOT NULL,
  `created_at` datetime NOT NULL DEFAULT current_timestamp()
) ENGINE=InnoDB DEFAULT CHARSET=utf8;

--
-- Dumping data for table `angi`
--

INSERT INTO `angi` (`id`, `number`, `name`, `created_at`) VALUES
(1, 1, 'библи', '2020-04-08 18:18:24'),
(2, 2, 'теологи', '2020-04-08 18:18:24'),
(3, 3, 'илгээлтийн мастер', '2020-04-08 18:18:59'),
(4, 4, 'оройн анги', '2020-04-08 18:18:59'),
(5, 5, 'хоньчилол мастер', '2020-04-08 18:19:51'),
(6, 6, 'багш, ажилчид', '2020-04-08 18:19:51'),
(7, 7, 'төгсөгчид', '2020-04-08 18:20:04');

-- --------------------------------------------------------

--
-- Table structure for table `authors`
--

CREATE TABLE `authors` (
  `id` int(11) NOT NULL,
  `name` varchar(255) NOT NULL,
  `created_at` datetime NOT NULL DEFAULT current_timestamp()
) ENGINE=InnoDB DEFAULT CHARSET=utf8;

--
-- Dumping data for table `authors`
--

INSERT INTO `authors` (`id`, `name`, `created_at`) VALUES
(2, 'John Timmer', '2020-03-12 02:25:08'),
(3, 'Alan Millard', '2020-03-12 02:26:01'),
(6, 'James W. Moore', '2020-03-12 02:38:22'),
(7, 'Ж. Ван Доорен', '2020-03-12 02:38:36'),
(9, 'Греем Голдсворти', '2020-03-12 02:39:15'),
(11, '김보형', '2020-03-12 02:40:50'),
(12, 'C. Peter Wagnar', '2020-03-12 02:41:49'),
(13, 'Ариун бичээс нийгэмлэг', '2020-03-12 02:45:57'),
(14, 'Чой Жонь ху', '2020-03-12 02:46:29'),
(15, 'Чой Буг гюү', '2020-03-12 02:46:39'),
(16, 'У. Cтефан', '2020-03-12 02:48:37'),
(17, 'Ком Ёнг Жэ', '2020-03-12 02:49:00'),
(18, 'Брюс Милн', '2020-03-18 16:38:33'),
(20, 'Ким Ёнг Жэ', '2020-03-19 14:23:17'),
(21, 'И Сан Гю', '2020-03-19 18:34:14'),
(22, 'Квон Ги Хён', '2020-03-19 18:58:13'),
(23, 'Хуан Сон Чол', '2020-03-19 18:58:37'),
(24, 'Ким Ёнг Чоль', '2020-03-19 19:43:03'),
(25, 'Канг Хён Буг', '2020-03-19 20:19:35'),
(26, 'Жон Зинконд', '2020-03-19 20:20:35'),
(27, 'Луис Беркхоф', '2020-03-23 17:10:52'),
(28, 'Редактор: Ким Сон Уг', '2020-03-23 17:29:52'),
(29, 'Семинарын эмхтгэл', '2020-03-23 17:41:35'),
(30, 'Редактор: К. Тэмүүжин', '2020-03-23 18:16:36'),
(31, 'Сун Ён Сон', '2020-03-24 14:51:32'),
(32, 'Гаи Прэнтисс Вотерс', '2020-03-24 15:30:02'),
(33, 'Ким Гён Вон', '2020-03-24 17:26:25'),
(34, 'Ричард Бэкстер', '2020-03-24 17:27:10'),
(35, 'Чой Жэ Ху', '2020-03-24 17:27:41'),
(36, 'Ким Гон Шиг', '2020-03-24 17:28:22'),
(37, 'Н. Зориг', '2020-03-24 17:29:11'),
(38, 'Н. Х. Гоотжес', '2020-03-24 19:05:58'),
(39, 'Хо Сүнь Гиль', '2020-03-24 19:06:38'),
(40, 'Оюутнууд', '2020-03-31 17:00:35'),
(41, 'Лектор: Ким Жэ Хёг', '2020-03-31 17:02:16'),
(42, 'Лектор: И Сын Хун', '2020-03-31 17:05:19'),
(43, 'Лектор: Ким Сон Үг', '2020-03-31 17:07:33'),
(44, 'Пак Жон Гөн', '2020-03-31 17:44:51'),
(45, 'Ариун Бичээс', '2020-03-31 18:02:25'),
(46, 'Ариун Сүнс', '2020-03-31 18:12:39'),
(47, 'Хью Кемп', '2020-04-01 13:53:58'),
(48, 'Karl Elliger', '2020-04-06 19:43:13'),
(49, 'Barbara Aland', '2020-04-06 20:04:24'),
(50, 'Ариун Сүнс', '2020-04-06 20:23:20'),
(51, 'Ж. Мөнхжаргал', '2020-04-08 15:26:42'),
(52, 'Гордон Д Фий', '2020-04-08 15:50:43'),
(53, 'Ким Сог Гюү', '2020-04-08 16:43:50'),
(54, 'Десмонд Александр', '2020-04-08 17:03:51'),
(55, 'Жу Гён Чоль', '2020-04-08 17:23:37'),
(56, 'И Жун Юнь', '2020-04-08 17:29:53'),
(57, 'Т. Нортон Стерретт', '2020-04-08 17:40:56'),
(58, 'Виржиниа Христийн их сургуулийн Монгол салбар', '2020-04-08 18:10:58'),
(59, 'Трэвис Хант', '2020-04-08 18:21:35'),
(60, 'Жон Стотт', '2020-04-08 18:29:02'),
(61, 'Пак ХуанҮ', '2020-04-08 18:34:41'),
(62, 'Виллиям Макдоналд', '2020-04-08 18:54:03'),
(63, 'FCS', '2020-04-08 19:11:00'),
(64, 'ТомасХэйл', '2020-04-09 12:18:07'),
(65, 'Дональд С. Стампс', '2020-04-09 12:31:50'),
(66, 'Пат Александр', '2020-04-09 12:50:59'),
(67, 'Ж. Д. Дуглас', '2020-04-09 13:00:59'),
(68, 'Вейн Грудем', '2020-04-09 13:12:40'),
(69, 'Жон Дрэйн', '2020-04-09 13:36:58'),
(70, 'И Бён Гюү', '2020-04-10 14:16:33'),
(71, 'И Ми Хе', '2020-04-10 14:53:08'),
(72, 'Сурах бичиг', '2020-04-10 15:12:33'),
(73, 'Грейс Холланд', '2020-04-10 15:14:55'),
(74, 'Х. Маурис Ледники', '2020-04-10 15:39:03'),
(75, 'Я. Цэвэл', '2020-04-14 12:24:03'),
(76, 'И Ёнгсүг', '2020-04-14 12:55:39'),
(77, 'Ш. Чоймаа', '2020-04-16 14:33:07'),
(78, 'Чой Лувсанжав', '2020-04-16 14:41:42'),
(79, 'А. Янжиндолгор', '2020-04-16 16:38:29'),
(80, 'О. Отгонжаргал', '2020-04-16 17:18:24'),
(81, 'Кан Сонь Хуа', '2020-04-16 17:27:20'),
(82, 'Н. Банди', '2020-04-16 17:38:43'),
(83, 'Г. Эрдэнэчимэг', '2020-04-16 18:07:58'),
(84, 'Чой Жонь Хү', '2020-04-20 10:49:27'),
(85, 'Хуан Сон Гүг', '2020-04-20 11:01:00'),
(86, 'Сун Бённаг', '2020-04-23 12:41:53');

-- --------------------------------------------------------

--
-- Table structure for table `book`
--

CREATE TABLE `book` (
  `id` int(11) NOT NULL,
  `name` varchar(255) NOT NULL,
  `tailbar` text NOT NULL,
  `year` int(11) NOT NULL DEFAULT 0,
  `qty` int(11) NOT NULL DEFAULT 0,
  `book_out` enum('0','1') NOT NULL DEFAULT '0',
  `image` varchar(255) NOT NULL,
  `status` enum('0','1') NOT NULL DEFAULT '0',
  `created_at` datetime NOT NULL,
  `updated_at` datetime NOT NULL DEFAULT current_timestamp()
) ENGINE=InnoDB DEFAULT CHARSET=utf8;

--
-- Dumping data for table `book`
--

INSERT INTO `book` (`id`, `name`, `tailbar`, `year`, `qty`, `book_out`, `image`, `status`, `created_at`, `updated_at`) VALUES
(1, 'Дундад зууны үеийн чуулганы түүх болон шинэчлэлтийн түүх', 'Есүсийг дээш өргөгдсөний дараагаар анхны чуулган бүрэлдэн тогтож \"дэлхийн хязгаар хүртэл сайн мэдээг тунхагла\" хэмээх дуудлагаа хариуцан үйлчилж байсан чуулганы түүхийн тухай танилцуулж байна. Мөн түүнчлэн тус номоос христитгэлт чуулган улсын чуулган болсноор завхарч, тэрхүү завхарсан чуулганыг Үгээр дамжуулан шинэчлэн сэргээх Бурханы ажлын түүхийг ажиглан харах боломжтой. ', 2015, 5, '1', '1.jpg', '0', '2020-03-18 00:28:23', '2020-03-18 00:28:23'),
(2, 'Анхны чуулганы түүх', 'Есүсийг дээш өргөгдсөний дараагаар анхны чуулган бүрэлдэн тогтож \"дэлхийн хязгаар хүртэл сайн мэдээг тунхагла\" хэмээх дуудлагаа хариуцан үйлчилж байсан чуулганы түүхийн тухай танилцуулж байна. Мөн түүнчлэн тус номоос христитгэлт чуулган улсын чуулган болсноор завхарч, тэрхүү завхарсан чуулганыг Үгээр дамжууулан шинэчлэн сэргээх Бурханы ажлын түүхийг харах боломжтой.  ', 2014, 5, '1', '2.jpg', '0', '2020-03-18 00:31:28', '2020-03-18 00:31:28'),
(3, 'Чуулган шинэчлэлтийн түүх', 'Өнөөгийн протестант чуулган бол 1517 онд Виттенбург их сургуулийн чуулганд Лютер 95 зүйл хэлэлцүүлгийг танилцуулснаас эхэлсэн чуулган шинэчлэлтийн ололт билээ. Чуулган шинэчлэлт гэдэг бол энгийн нэг ёслол, тогтолцоо, теологийн шинэчлэлт буюу онол сургаалын шинэчлэл бус, Бурхан ба хүн түүнчлэн хүндэтгэл мөргөл ба итгэлийн амьдралын сүнслэг сэргэлтийн хөдөлгөөн байсан. Тиймээс шинэчлэгдсэн чуулган Бурханы үгийн өмнө тасралтгүй шинэчлэгдэж байх учиртай. Тус ном нь Лютерийн эхлүүлсэн Герман дахь шинэчлэлтийн хөдөлгөөневроп даяар хэрхэн тархсан болохыг товч, тодорхой тайлбарладаг. Мөн шинэчлэлт хөдөлгөөний тархалтаар төрөн гарсан лютериан чуулган, шинэчлэлт чуулган, англикан чуулган, просбитериан чуулганы түүхэн явцыг тодорхой цэгцэлж харуулсан учраас хэн бүхний хялбархан ойлгож унших боломжтой ном юм.     ', 2019, 5, '1', '3.jpg', '0', '2020-03-18 00:41:33', '2020-03-18 00:41:33'),
(4, 'Хүндэтгэл мөргөлд морилон ирэгч бидний Бурхан ', 'Эзэний өдөр бүрийн хүндэтгэл мөргөл гэдэг бол Бурхан бодитоор морилон ирдэг талбар билээ. Тиймээс бид Бурханы илчилсний дагуу хүндэтгэж мөргөх ёстой. Гэтэл Бурханд хүндэтгэл мөргөл өргөхийг хүсэгч нь олон байдаг ч Библийн дагуух хүндэтгэл мөргөл гэж юу болохыг мэддэг хүн цөөхөн. Харин Бурхан илчлэлтээрээ дамжуулан хүндэтгэл мөргөл өргөх аргыг зааж өгсөн. Энэ нь Библид тэмдэглээстэй байдаг. Тиймээс бид Библиэс хүндэтгэл мөргөлийг сурах учиртай. Яагаад гэвэл Бурханы илчилсний дагуу хүндэтгэл мөргөл өргөснөөр Бурхан түүнийг нь таалж, хүндэтгэл мөргөлд морилон ирснээрээ бид бүхэнтэй уулздаг. Түүнчлэн бид Түүнтэй бүрэн нэгдэж, нөхөрлөснөөр дамжуулан Түүнийг магтан хүндэтгэдэг хүмүүс болдог. Энэхүү ном нь Бурханы илчилсэн хүндэтгэл мөргөлөөр Түүнийг хүндэтгэн мөргөдөг хүмүүн ба тэр үеэр морилон ирдэг жинхэнэ Бурханы алдар ба гайхамшгийн утга учрыг Библийн дагуу маш энгийнээр тайлбарлаад зогсохгүй чуулганд бодитоор хэрэгжүүлэхэд хөтлөх хөтөч болно.   ', 2019, 5, '1', '4.jpg', '0', '2020-03-18 00:45:44', '2020-03-18 00:45:44'),
(5, 'Гэрээний үзэл санаанаас харсан хүндэтгэл мөргөлийн гоо үзэсгэлэн', 'Хүндэтгэл мөргөл бол Бурхан болон Түүний гэрээний ард түмний уулзалт юм. Чуулган бол Бурханы ард түмний цугларалт бөгөөд энэхүү цугларалт нь мөргөл төвтэйгөөр бий болдог. Тийм учраас хүндэтгэл мөргөл нь Бурханы ард түмнээр дуудагдсан ариун ард түмнийг тодорхойлон харуулж, тэрхүү тодорхойлолтоо энэ газарт хадгалан амьдрахын тулд дээрээс ирсэн Бурханы хүслийг хүлээн авч, нүгэлтнүүдийг дуудан ариун, онцгой эрхийг соёрхсонд талархан магтаж, Ариун Гурвал Бурхантай хамт идэж ууснаар алдарт хийгээд ерөөлт онцгой эрхийг эдлэхээр \"амен\" хэмээн шийдэж нөхөрлөх явдал билээ. Тиймээс үнэн мөргөл нь Ариун Гурвал Бурханы удирддаг ажил бөгөөд тэр л ажлыг нь талархалтайгаар хүлээн авч эдлэн, тэндээс гарах бүх л үр жимсийг магтдаг. Шинэчлэлт чуулганы хүндэтгэл мөргөлийн хэлбэр харьцангуй энгийн. Гэхдээ мөргөл нь гоо үзэсгэлэнтэй байдаг. Уг ном нь шинэчлэлт чуулганы мөргөлийн гол мөн чанарыг товч тодорхой мэдэхэд туслах төдийгүй, танд шинэчлэлт чуулганы хүндэтгэл мөргөлийн гоо үзэсгэлэнг мэдрүүлэх болно.   ', 2018, 5, '1', '5.jpg', '0', '2020-03-18 18:12:09', '2020-03-18 18:12:09'),
(12, 'Мөргөх ухаан', 'Чуулганы бүх үйлчлэлийг мөргөлөөс эхэлдэг гэж хэлэх боломжтой. Мөргөлийг зөв ойлгож мэдсэнээр Бурханд зөв үйлчилж, чуулганы дуудлагыг зөв ойлгож чадна. Мөргөлд амийн хүч байхгүй бол тэрхүү чуулган үхмэл чуулганаас өөрцгүй. Тус ном нь шинэчлэлт үзлийн уламжлалд суурилан мөргөлийн биелэлтийг хэрэгжүүлэхүйцээр нарийн тодорхой хөндсөн. Чуулганы албан үйлчлэгч нар, багш, энгийн итгэгч дундах удирдагчдыг сургах төдийгүй чуулганы гол хөдөлгөх хүч болох мөргөлийг амьдруулахад үр дүнтэйгээр хэрэглэгдэх боломжтой ном юм.    ', 2010, 5, '1', '12.jpg', '0', '2020-03-19 19:40:14', '2020-03-19 19:40:14'),
(13, 'Библийг зөв ойлгохуй (Хуучин гэрээ)', 'Бид Библи уншихдаа өөрсдийн бодол санаа, хэмжүүрээр ойлгох үе олонтаа байдаг. Гэтэл Библи бол Бурханы Сүнсээр тэмдэглэсэн мөнх амийн ном бөгөөд Бурханы хүсэл төлөвлөгөөг тэмдэглэсэн ном юм. Тиймээс бид уг номыг тэмдэглэсэн зохиогч болох Бурханы өнцгөөс Библийг уншиж ойлгосноор л зөв хэрэгжүүлэх боломжтой. Уг ном нь Библийг унших үед хүний бодол санаа биш Бурханы бодол санаа буюу бидэнд мөнх амийг өгөхийг хүсдэг Бурханы авралын түүхэн явцад Бурхан төвт ойлголттойгоор Библийг ойлгоход туслах гайхалтай ном юм. ', 2016, 5, '1', '13.jpg', '0', '2020-03-19 19:53:35', '2020-03-19 19:53:35'),
(14, 'Библийг зөв ойлгохуй (Шинэ гэрээ)', 'Бид Библи уншихдаа өөрсдийн бодол санаа, хэмжүүрээр ойлгох үе олонтаа. Гэтэл Библи бол Бурханы Сүнсээр тэмдэглэсэн мөнх амийн ном бөгөөд Бурханы хүсэл төлөвлөгөөг тэмдэглэсэн ном юм. Тиймээс бид уг номыг тэмдэглэсэн зохиогч болох Бурханы өнцгөөс Библийг уншиж ойлгосноор л зөв хэрэгжүүлэх боломжтой. Уг ном нь Библийг унших үед хүний бодол санаа биш Бурханы бодол санаа буюу бидэнд мөнх амийг өгөхийг хүсдэг Бурханы авралын түүхийн явцад Бурхан төвт ойлголттойгоор Библийг ойлгоход туслах гайхалтай ном юм.  ', 2019, 5, '1', '14.jpg', '0', '2020-03-19 20:07:39', '2020-03-19 20:07:39'),
(15, 'Газарт сийлэгдсэн тэнгэрийн улс', 'Энэхүү ном нь гэрээний үүднээс харах Хуучин гэрээний тойм билээ. Хуучин гэрээнд Бурхан ер нь юу айлдсан бэ? Бүтээл ба завхрал мөн хоёр хүчний тулаанаар дамжуулан тодорхой болсан Бурханы авралын түүхийг уг номоор дамжуулан мэдэх боломжтой. Мөн түүнчлэн Хуучин, Шинэ гэрээний уран нарийн зохицол хийгээд чуулганыг босгох зарчмыг хамтад нь тайлсан\nбөгөөд уг номын хамгийн чухал онцлог нь Библи өөрөө Библийг танилцуулж буй аргын дагуу Библийн агуулгыг тайлбарлаж байгаа хэрэг билээ. ', 2016, 5, '1', '15.jpg', '0', '2020-03-19 20:24:42', '2020-03-19 20:24:42'),
(16, 'Сайн мэдээ ба Бурханы хаанчлал', 'Биднийг Библи унших бүрд тулгардаг асуудал бол хэрхэн эрт дээр үед бичигдсэн Библийн эх хэсгийн утга санааг өнөөгийн ертөнцөд амьдарч буй бидэнд зөв хэрэгжүүлэх вэ? хэмээх зүйл билээ. Тиймээс уг ном нь Библийн үндсэн бүтцийг хангаж өгснөөрөө уг бүтэц дээр Хуучин гэрээ болоод Библийг тэр чигт нь илүү баттайгаар ашиглах боломжтой болгохыг зорилтоо болгож байгаа юм. Мөн уг ном нь Хуучин ба Шинэ гэрээг сайн мэдээгээр дамжуулан Бурханы хаанчлалыг төгс биелүүлж буй Бурханы ажлын тухай уялдаа холбоотой өнгө аяс дотор тайлбарлаж байна.  ', 2016, 5, '1', '16.jpg', '0', '2020-03-19 20:29:09', '2020-03-19 20:29:09'),
(17, 'Библи дэх гэрээ', 'Библи нь Хуучин гэрээ, Шинэ гэрээнээс бүрддэг. Өөрөөр хэлбэл, Библи нь амлалт гэрээний талаар өгүүлдэг. Энэ амлалт гэрээ нь Бурхан Өөрийн ард түмэнтэй байгуулсан гэрээ бөгөөд Бурханы зан чанартай ч холбоотой. Бурхан Өөрийн хаанчлалаа гэрээний аргаар дамжуулан байгуулдаг. Уг ном нь Библид гарсан Бурханы гэрээний талаар маш нарийн тодорхой тайлбарлажээ. Уншигч та бүхэн энэхүү номыг уншаад гэрээний тухай сайн ойлгоод зогсохгүй гэрээнд нууцлагдсан Бурханы агуу төлөвлөгөө, найдварыг олж харах болно.  ', 2017, 5, '1', '17.jpg', '0', '2020-03-23 11:43:40', '2020-03-23 11:43:40'),
(18, 'Системт теологи', 'Теологийн агуу уран бүтээлч Луис Беркхофын тууривсан ном бөгөөд Герман Бавинкийн дараах орчин үеийн хамгийн эмх цэгцтэй Библийн үнэнүүдийг сэдэвчлэн цэгцэлж ойлгоход хялбархнаар тайлбарласан бүтээл юм. Уг ном нь энэ дэлхийг бүтээсэн Бурхан ямар Нэгэн болох  /Бурханы онол/ мөн Бурханы дүр төрхөөр бүтээгдсэн хүний завхрал /хүний онол/ хийгээд Есүс Христээр дамжуулан завхарсан хүнийг сэргээж /Христийн онол, авралын онол/, Шинэ гэрээний хамт олон болох чуулганыг байгуулж /чуулганы онол/, тэрхүү чуулганаар дамжуулан Бурханы хаанчлалыг харуулж мөн Бурханы хаанчлалын Эзэн болсон Бурханы удирдамжийг авч Бурханы төгс хаанчлалыг хүсэмжлэх талаар /төгсгөлийн онол/ тайлбарладаг.  ', 2013, 5, '1', '18.jpg', '0', '2020-03-23 17:27:22', '2020-03-23 17:27:22'),
(19, 'Бид юунд итгэж, юу заадаг вэ? (Нэмж засварласан 2 дахь хэвлэл)', 'Уг ном нь 2000 жилийн турш асар олон гаж урсгалын халдлагуудаас чуулганыг хамгаалахын тулд эмхэтгэж, заасаар ирсэн үнэний хураангуй юм. Мөн гаж урсгалын үзэл суртлаас чуулганы цэвэр ариун байдлыг хамгаалж чуулганы нэгдлийн төлөө үргэлжлүүлэн сургамжилсаар ирсэн чуулганы итгэлийн өчил билээ. Тус номд 2012 онд гарсан хэвлэлтэнд ороогүй хэсгүүдийг нэмж оруулан, засварласан. Ялангуяа Хайделберг катехизмын талаарх товч зураглал болон нэмэлт материалуудыг оруулан, тус катехизмыг чуулган дээр заахад тус дөхөм болгосон. Нэмж засварласан /2017 он/ 2 дахь хэвлэлд Элч нарын тунхаг, Атанасиусын тунхаг, Никеагийн тунхаг, Вестминстерийн итгэлийн өчил, Вестминстерийн дэлгэрэнгүй, хураангуй катехизм, Хайделберг катехизм, Белжигийн итгэлийн өчил, Дортын итгэлийн өчил, Просбитериан чуулганы итгэлийн 12 өчил зэргийг багтаасан. ', 2017, 5, '1', '19.jpg', '0', '2020-03-23 17:39:01', '2020-03-23 17:39:01'),
(20, 'Шинэчлэлт теологийн өнцгөөс харсан Шинэ элч нарын Шинэчилсэн хөдөлгөөний үнэн төрх', 'Шинэ элч нарын Шинэчилсэн хөдөлгөөний үзэл санааны үндсийг нь судлан харвал он удаан жилийн гаж онол сургаал, үзэл санаанууд холилдсон байдаг. Тэднийг вуду шашин, бөө мөргөл, илбэ, ид шид түүнчлэн Оройтсон бороо хөдөлгөөн, New Age, Куакер, гностик үзэл, бясалгалын залбирал, сүнс дуудах, шинэ оюун санааны хөдөлгөөн, ноёрхлын теологи зэрэг асар олон гаж буруу үзэл санаанууд холилдсон төрөлжсөн их дэлгүүртэй адил байгааг харах боломжтой. Гэвч өнөөгийн чуулган зүсэн бүрийн гаж буруу үзэл санаагаар хувцасласан Шинэ элч нарын Шинэчилсэн хөдөлгөөний үнэн төрхийг зөв ялган танилгүй, тэдний үзэл санааг шинэ загварын өөрчлөгдсөн шашин хэмээн баяртай хүлээн авч байгаа нь хамгийн ноцтой асуудал билээ. Энэхүү эмхтгэл нь Библийн үзэл санаанаас Шинэ элч нарын Шинэчилсэн хөдөлгөөний жинхэнэ төрхийг ойлгож мэдэж, тэднээс сэрэмжлэхэд туслах болно. ', 2019, 5, '1', '20.jpg', '0', '2020-03-23 18:03:41', '2020-03-23 18:03:41'),
(21, 'Юу нь өөр вэ? ', 'Христитгэлт хүмүүс ямар нэгэн өөр шашин, урсгалын үзэл ойлголтыг судлахдаа дараах хоёр асуудалтай тулгарах магадлалтай байдаг. Тэр нь нэгдүгээрт, нэг талаараа зөв ч байж мэднэ гэх айдсын улмаас тэдний итгэлийг шүүмжилж, дутагдалтай талыг нь олоход хялбар байдаг бол хоёрдугаарт, болж өгвөл үл маргалдах зорилгоор чухал ялгаатай талуудыг үл хайхран тохиролцооны шалбаагт унах гэсэн хоёр асуудал юм. Энэхүү ном нь эрүүл бус санаагаар өөр итгэлийг шүүмжлэх гэсэнгүй, харин уламжлалт христитгэл болон бусад шашин хоорондын ялгаатай талыг сийрүүлэхийг зорилоо. Мөн түүнчлэн уламжлалт, Библийн дагуух христитгэлийг бусад шашинтай харьцуулснаар христчин хүмүүс өөрсдийн итгэлээ илүү сайн ойлгоход нь тус нэмэр болоосой хэмээн бодсоны үндсэн дээр бичигдсэн билээ. Уг ном нь онцгойлон христитгэл ба бусад шашин мөн өөр бусад чиглэлүүдийн талаарх хүмүүсийн нийтлэг асуудаг асуулт болох \"Чухам яг юугаараа өөр гэж?\" гэх асуултад нарийн тодрохой хариулах бөгөөд христитгэл ба христитгэлтэй төстэй урсгал, христитгэл доторх гаж буруу урсгалуудын онол сургаал юу болохыг зөв ойлгоход тус нэмэр болох болно. Нэмэлтээр Монголд үйл ажиллагаа явуулж буй гаж буруу урсгалуудын талаарх судалгааны материалыг оруулсан болно.   ', 2018, 5, '1', '21.jpg', '0', '2020-03-23 20:13:06', '2020-03-23 20:13:06'),
(22, 'Зөвийн чуулган', 'Энэхүү ном нь Библийн зарчмаас зуурч хатуу ширүүн тулааныг өрнүүлсэн хоньчлогчийн түүх бөгөөд чуулганы жинхэнэ Эзэн хэдий ч зарц болсон Есүсийн түүх юм. Мөн зарц Есүсийн үгийн дагуу эрүүл чуулганыг босгохоор бүх хүчээ зориулсан Филиппой чуулганы үзэсгэлэнт төлөвшилтийн тухай түүх. Уг ном нь Библиэс гаргаж ирсэн 10 зүйлээр дамжуулан Бурханы сэтгэлд нийцсэн зөвийн чуулган болж дахин төрөхийг хүсэн мөрөөдөж, тэдгээрийг хэрэгжүүлсэн хоньчлолын сурах бичиг юм. ', 2013, 5, '1', '22.jpg', '0', '2020-03-24 15:04:02', '2020-03-24 15:04:02'),
(23, 'Эклесиа', 'Ямар ч итгэгч хүн өөрийн чуулганыг жинхэнэ чуулган байгаасай гэж хүсдэг. Гэвч олон итгэгчид жинхэнэ чуулганыг ялгах хэмжүүрийн тал дээр учир дутагдалтай байдаг. Библид өгүүлж буй жинхэнэ чуулган гэж юу юм бол? Жинхэнэ чуулган гэдэг нь чуулганы тэмдгээр баялаг чуулганыг хэлдэг. Жинхэнэ чуулганыг ялгах тэмдэг бол зөв үгийг тунхаглах, цэвэр ариун ёслолыг үйлдэх, зүй зохистой сахилгажуулалтыг явуулах явдал билээ. Чуулган гэдэг бол газарт сийлэгдсэн тэнгэрийн улс. Тиймээс жинхэнэ сүм болох Есүсээр дамжуулан шинэ сүм болсон чуулган нь тэнгэрийн дүр төрхийг гарган харуулах ёстой бөгөөд үл итгэгч хүмүүс чуулганыг харахдаа тэнгэрийг олж харахаар үйлдэх учиртай. Тус ном нь энэхүү газар дээрх чуулганыг сэргээхийн тулд дахин шалган харах ёстой Библийн зармыг нарийн нягт хэрнээ хялбархнаар тайлбарлаж байгаа билээ. Мөн чуулганы зарчмын зүйлсийг жагсаагаад зогсохгүй, өнөөдөр Эзэний чуулган Библийн дагуух чуулганыг хэрхэн бодитоор босгон байгуулах тухай ч тодорхой танилцуулж байна. Тус ном нь жинхэнэ чуулганыг босгон байгуулахыг хүсэн найдаж буй бүх итгэгч, хоньчлогчдод маш баттай заагч луужин болох болно.    ', 2018, 5, '1', '23.jpg', '0', '2020-03-24 15:25:43', '2020-03-24 15:25:43'),
(24, 'Чуулганы засаглалын зарчим', 'Энэхүү ном нь чуулганы засаглалын зарчим болон нарийн тогтолцоог тайлбарласан ном боловч чуулганы онолын талаар зөв нухацтай судалж, эрүүл чуулганыг босгох мэргэн ухааныг өгөхөд ихээхэн ач холбогдолтой ном юм. Чуулганы засаглалын талаарх Библийн эх үндэс, тогтолцооны хэлбэрүүдийг ажиглаж, түүхэн гүн асуудлуудыг амархан тайлбарлаж, өнөөгийн уншигчдад просбитериан чуулганы засаглалын үзэл, тогтолцооны талаар зөв, нарийн ойлголтыг өгөхөд туслана. Бичээч нь чуулганы засаглал бол христчин хүний дагалдагчийн амьдралын чухал хэсэг бөгөөд чуулганы засаглалын талаарх зөв ойлголт, мэдлэгтэй байж хэрэгжүүлэхийг онцлон чухалчилжээ. Тэгэх үед чуулганы Тэргүүн бөгөөд бүх дэлхийн захирагч болсон Есүс Христэд бүрэн алдрыг өргөж, христчин хүмүүс үр жимстэй амьдралаар амьдраад зогсохгүй, чуулганы хамт олон үр дүнтэй авралын зар, илгээлтийг хэрэгжүүлэх болно. Чуулганы талаарх зөв онол, зөв засаглал, хэрэгжүүлэлт нэн шаардлагатай байгаа өнөөгийн Монгол чуулганд энэ хэрэгцээтэй мэдээлэл, мэдлэгийг дамжуулах болно.      ', 2019, 5, '1', '24.jpg', '0', '2020-03-24 16:42:12', '2020-03-24 16:42:12'),
(25, 'Харь хэл гэж юу вэ?', 'Харь хэл гэдэг нь мөнхийн улсын ер бусын хэл үү? эсвэл гадаад хэл үү? Харь хэл гэдэг нь нууцаар ярьдаг бэлэг авъяас уу? эсвэл нууцыг ярьдаг бэлэг авъяас уу? Харь хэл гэдэг нь номлолын бэлэг авъяас уу? эсвэл хүндэтгэл магтаалын бэлэг авъяас уу? Харь хэл гэдэг нь гал мэт халуун бэлэг авъяас уу? эсвэл галтай адил шүүлтийн тэмдэг үү? Харь хэлний бэлэг авъяас нь өнөөдөр ч гэсэн байгаа юу? эсвэл устан үгүй болсон уу? Тус ном нь харь хэлний тухай эдгээр 5 асуултад Библиэр дамжуулан системтэйгээр, ойлгоход амарханаар хариулж байна. Түүнчлэн зохиогч эдгээр 5 асуултад авралын түүх, чуулганы онол, хүндэтгэл мөргөлийн онолын үзэл санаанаас Библид үндэслэн маш тодорхой тайлбарыг өгч байна. Тус номоос энэ цаг үед яригдаад байгаа харь хэлний талаарх шинэчлэлт үзлийн хамгийн үнэн шударга хариултыг сонсож чадна.   ', 2018, 5, '1', '25.jpg', '0', '2020-03-24 17:13:39', '2020-03-24 17:13:39'),
(26, 'Хоньчин хүний баримтлах 9 зарчим', '40 жилийн турш хоньчлолын талбарт итгэмжтэйгээр хоньчилсон хоньчлогчийн үйлчлэлийн сургамжаар дамжуулан олох Библийн дагуух болоод бодитой хоньчлолын талбарын гарын авлага. Тус номын зохиогч нь \"теологитой хоньчлол, талбартай хоньчлол\" уруу чиглэсэн тэнцвэртэй байдлыг баримтлагч, дуудлагаа хүлээн авсан нэгэн билээ. Чуулганд үйлчлэх хоньчлогчид тулгардаг өөрийгөө таньж мэдэх эрэл хайгуул, зөрчил ба аюул, цөхрөл, өөрөө өөрийгөө хэрхэн авч явах, чуулганы албан үйлчлэгчийг хэрхэн босгох, хоньчлогчийн хоньчлолын мөн чанар  ямар байх ёстой талаар тус номонд тайлбарладаг.   ', 2012, 5, '1', '26.jpg', '0', '2020-03-24 17:25:39', '2020-03-24 17:25:39'),
(27, 'Жинхэнэ хоньчин, жинхэнэ хоньчлол', 'Тус номын зохиогч нь нэгэн үе Англи чуулганыг хэцүү бэрхшээлтэй тулгарах үед пуритан урсгалын тэргүүн удирдагчаар идэвхтэй үйл ажиллагаа явуулж байсан пастор билээ. Тэрээр 17 зуунд Английн чуулганы ертөнцөд сүүлт од мэт харвасан үнэний цогтой тэмцэгч, хоньчлогч, эрдэмтэн байсан юм. Тэрээр чуулганы ертөнцийн зогсонги байдлын шалтгааныг хэн хүнээс илүүгээр хоньчлогчийн алдаанаас олж харж жинхэнэ хоньчны хийх ажил юу болохыг тус номондоо тод томруун, учир зүйтэйгээр нотолж байна. Зохиогч тус номын 2-р хэсэг дэх \"хоньчлол\"-д дараах зүйлийг онцлон бичжээ. \"Хоньчлолд гол асуудал нь ерөнхийдөө сүнслэг асуудал мөн Бурханыг баярлуулах асуудал, хонин сүргийг аврах асуудал байдаг. Тэрхүү ажил бол түр зуурын, хоромхон зуурын ажил биш. Бидний хийх зүйл бол ертөнцийн хаанчлалын талаарх зүйл биш, бас мөнгөтэй болох ч биш, түүнчлэн хүмүүн чанараа төлөвшүүлэх ч биш. Тэр нь ердөө л хоёр хэсгээс бүрддэг. Нэгдүгээрт, хонин сүргийн туйлын зорилго болох ёстой аз жаргал хийгээд туйлын хичээл зүтгэлийг танилцуулах явдал бөгөөд хоёрдугаарт нь уг зорилгод хүрэхэд зориулсан зөв арга замыг хонин сүргүүдэд ойлгуулж өгвөл тэрхүү арга замыг ашиглахад нь тэдэнд туслаж мөн эсрэгээр үйлдэхгүй байхад нь туслах явдал юм.\"  ', 2016, 5, '1', '27.jpg', '0', '2020-03-24 17:52:52', '2020-03-24 17:52:52'),
(28, 'Сэтгэлийн шарх эдгэдэг', 'Зохиогч маань энэхүү номоороо дамжуулан завхарсан бүтээлүүдийн дунд амьдрахдаа бид бүхний амсаж туулахаас өөр аргагүй болдог янз бүрийн зовлог зүдгүүр, сэтгэлд хуралдсан шархуудыг бидний сайн мэдээ болсон Есүс Христ дотор хэрхэн эмчлэх үйл явц хийгээд аргыг тайлбарлаж байна. Бидний хувьд гэм нүгэлтэй төрсөн учраас бүгд л зүрх сэтгэлийнхээ нэгээхэн хэсэгт шархтай байдаг. Зохиогч маань бидэнд буй шарх, дотоод сэтгэлийн өргөсийг ямар шалтгаантай талаар Библиэр дамжуулан Есүс Христ дотор олж танихад туслаж байна. Түүнчлэн Библи дээр гардаг хүмүүс Бурхантай харилцаагаа хэрхэн тогтоож байсан, мөн тэрхүү сургамжаар дамжуулан өөрт буй шарх, дотоод сэтгэлийн өргөсөөсөө хэрхэн салж чадах  арга замыг зааж байна.    ', 2020, 5, '1', '28.jpg', '0', '2020-03-24 18:04:18', '2020-03-24 18:04:18'),
(29, 'Гэр бүлийнхээ шархыг эдгээ.  Сэтгэлийн шарх эдгэдэг - дасгал ажлын ном.', 'Зохиогч маань энэхүү номоороо дамжуулан завхарсан бүтээлүүдийн дунд амьдрахдаа бид бүхний амсаж туулахаас өөр аргагүй болдог янз бүрийн зовлон зүдүүр, сэтгэлд хуралдсан шархуудыг бидний сайн мэдээ болсон Есүс Христ дотор хэрхэн эмчлэх үйл явц хийгээд аргыг тайлбарлаж байна. Бидний хувьд гэм нүгэлтэй төрсөн учраас бүгд л зүрх сэтгэлийнхээ нэгээхэн хэсэгт шархтай байдаг. Зохиогч маань бидэнд буй шарх, дотоод сэтгэлийн өргөсийг ямар шалтгаантай талаар Библиэр дамжуулан Есүс Христ дотор олж танихад туслаж байна. Түүнчлэн Библи дээр гардаг хүмүүс Бурхантай харилцаагаа хэрхэн тогтоож байсан мөн тэрхүү сургамжаар дамжуулан өөрт буй шарх, дотоод сэтгэлийн өргөсөөсөө хэрхэн салж чадах арга замыг зааж байна.  ', 2020, 5, '1', '29.jpg', '0', '2020-03-24 18:14:48', '2020-03-24 18:14:48'),
(30, 'Христчин хүний анхилуун үнэр хуваалцахуй ', 'Тус ном нь нийгэмд үзүүлэх чадварыг илүү зөвөөр сэргээхэд зориулсан чуулганд байвал зохилтой хичээл зүтгэлийн чигийг багтаасан. \"Хуваалцах\" хэмээх теологийн сэдвийн тухайд Лукийн бичсэн номнуудын судалгаа төвтэйгээр олон өнцгөөс гүн гүнзгий, цогцоор судалсан байна. Чуулганд хуваалцахын талаарх зөв онол, практик байх үед Монголын нийгэм рүү хандсан сайн мэдээний дуу хоолой өсөх боломжтой. Тиймээс хуваалцахуйгаар дамжуулан чуулганы алдрыг сэргээхийг хүсэн мөрөөдөж мөн чуулганы нийгмийн хариуцлагын тухай нухацтай тунгаан боддог уншигчдад нэг удаа уншиж үзэхийг зөвлөж байна.   ', 2012, 5, '1', '30.jpg', '0', '2020-03-24 18:42:28', '2020-03-24 18:42:28'),
(31, 'Есүс миний Эзэн\r\nЕсүс миний Бурхан', '20 гаруй жилийн турш индэр дээр зөв үгийг дамжуулахыг хүсэн тэмүүлж байсан хоньчлогч, номлогчийн номлолын эмхтгэл. Сайн мэдээг ойлгож тэрхүү сайн мэдээний төлөө амьдрахын тулд өөрийгөө золиосолсон, дуудлага авсан нэгний өчил хийгээд өөрийн Библи дотроос олж илрүүлсэн сувдыг уншигчдад ойлгоход амарханаар тайлбарлаж, түүнийгээ хуваалцаж байгаа билээ. Уг номоор дамжуулан хамгийн эрхэм нандин Есүс Христтэй уулзаж сайн мэдээний амин сүнсийг олж авах боломжтой.    ', 2015, 5, '1', '31.jpg', '0', '2020-03-24 18:55:18', '2020-03-24 18:55:18'),
(32, 'Эрдэнэ мэт амьд итгэл', '20 гаруй жилийн турш индэр дээр зөв үгийг дамжуулахыг хүсэн тэмүүлж байсан хоньчлогч, номлогчийн номлолын эмхтгэл. Сайн мэдээг ойлгож тэрхүү сайн мэдээний төлөө амьдрахын тулд өөрийгөө золиосолсон, дуудлага авсан нэгний өчил хийгээд өөрийн Библи дотроос олж илрүүлсэн сувдыг уншигчдад ойлгоход амарханаар тайлбарлаж, түүнийгээ хуваалцаж байгаа билээ. Уг номоор дамжуулан хамгийн эрхэм нандин Есүс Христтэй уулзаж сайн мэдээний амин сүнсийг олж харах боломжтой.   ', 2015, 5, '1', '32.jpg', '0', '2020-03-24 19:04:48', '2020-03-24 19:04:48'),
(33, 'Гэрээ ба авралын түүхээр дамжуулан заах номлолын практик', 'Сайн мэдээ дамжуулагч /номлогч/-ийн үүрэг бол өөрийн бодол санаа, туршлагыг дамжуулах биш, харин Бурханы үгийг дамжуулах билээ. Тиймээс \"Сайн мэдээ дамжуулагч /номлогч/-ийн гол үүрэг нь түүний чадвар, чадамжид байдаггүй, харин албан үйлчлэлийн үүрэгт байдаг\". Библид ярьж буй номлол бол Бурханы элч нараар дамжуулан Библид илчлэгдсэн авралын хүслийг ард түмэн дээр очин албан ёсоор тунхаглах үйлчлэл юм. Өөрөөр хэлбэл, элч нарын ашиглаж байсан үгийн дагуу бол номлолыг \"Үгийн үйлчлэл\" гэж хэлдэг. Үгийн үйлчлэл буюу номлол нь илчлэгдсэн үгийн тайлбар, хэрэгжүүлэлт юм. Тиймээс номлолын агуулга нь Библитэй адилхан байх ёстой бөгөөд Эхлэл номоос Илчлэл ном хүртэл Библи дээр өгүүлж буй нэг гол үзэл санаа, нэг мессеж цаашлах тусмаа илүү тодорхойгоор илчлэгдэж байгаа гэдгийг гарган харуулах хэрэгтэй. Тухайлбал, Библи Есүс Христээр дамжсан бид бүхний авралын талаарх Бурханы төлөвлөгөөг аажим аажмаар илүү тодорхой харуулж байдаг. Үүнийг авралын түүхийн үзэл санаа гэдэг бөгөөд авралын түүх нь гэрээ хэмээх аргаар нарийн тодорхой илэрхийлэгдэн, батлагдаж байна. Тус ном нь Библид өгүүлж буй авралын түүхийн үзэл санаа ба гэрээний үзэл санаагаар хэрэгжүүлсэн бодит жишээнүүдийг танилцуулсан номлолын эх юм. Түүний зэрэгцээ чуулганы гол баяруудын номлолын эх ч тэмдэглэгдсэн болно.    ', 2018, 5, '1', '33.jpg', '0', '2020-03-24 19:31:26', '2020-03-24 19:31:26'),
(34, 'Шинэчлэлт үзлийн номлол', 'Теологи бол уг чанартаа номлолд зориулагдсан ухаан юм. Гол үүрэг нь номлолын зарчим хийгээд чиг хандлагыг заахад оршдог. Шинэчлэлт үзлийн теологи нь \"Зөвхөн Библи\" хэмээх уриатай билээ. Тэгэхээр номлолын агуулга ч \"Зөвхөн Библи\" байх ёстой. Гэтэл бодит байдал дээр тэгж чадахгүй байгаа бөгөөд номлолын ихэнх агуулга нь янз бүрийн жишээ эсвэл итгэлийн амьдрал дахь номлогчийн туршлагаар дүүрэн байдаг. Уг ном нь шинэчлэлт үзлийн номлол гэж юу болохыг маш амархан бөгөөд тодорхой тайлбарлажээ. Юун түрүүнд номлолын талаар зааж, түүнийг хэрхэн бэлдэж, хийх ёстойг тайлбарласан байна. Түүгээр зогсохгүй энэхүү ном нь номлогч хүн Бурханы үгийг дамжуулахдаа чухам юуг дамжуулах ёстой гэдгийн хариулт болгож Бурханы хараа, байр сууринаас номлох ёстойг хүчтэй сануулан ятгаж байна. Бурханы хараа, байр сууринаас заана гэдэг нь Библи дээр өгүүлж буй гол санаа болох авралын ажил болон гэрээний үүднээс харах харааг хэлэх бөгөөд уг хараанаас хэрхэн номлох боломжтойг энгийн бөгөөд сайн тайлбарлаж байна.  ', 2017, 5, '1', '34.jpg', '0', '2020-03-24 19:46:58', '2020-03-24 19:46:58'),
(35, 'Баптисм ба ариун зоог', 'Бурхан чуулганыг үг ба ариун ёслолоор дамжуулан Есүс Христ доторх бүхий л нигүүлслийг эдлэхээр ерөөсөн. Бурханы хаанчлалын аврагдсан ард түмэн энэхүү нигүүлслийг Ариун Сүнс дотор зөвхөн итгэлээр дамжуулан бүрэн эдэлж чадна. Энэхүү итгэл нь Ариун Сүнс дотор ариун сайн мэдээний номлолоор дамжуулан зүрх сэтгэлд минь бүрэлдэж байдаг. Түүнчлэн ариун ёслолыг гүйцэтгэснээр бидний итгэл батаждаг. Бурхан онцгойлон ариун ёслолыг тогтоож өгсөн учраас бидний нүдэнд харагдах ариун тэмдэг ба тамгаар сайн мэдээний амлалтыг хангалттай тунхаглаж, батлах нигүүлслийн арга хэрэгсэл болдог. Зохиогчийн хувьд чуулганы эдэлдэг энэхүү нигүүлслийн арга хэрэгсэл болсон ариун ёслолын жинхэнэ утга учрыг Библийн үндэслэлтэйгээр задлан тайлбарласнаараа Бурханы өгсөн уг нигүүлслийн арга хэрэгслийг чуулган хэрхэн эдэлж, түүнд зөв оролцох вэ гэдгийг танилцуулж байна.  ', 2020, 5, '1', '35.jpg', '0', '2020-03-31 16:18:15', '2020-03-31 16:18:15'),
(36, 'Бие даасан Библи судлал', 'Библи судлал, ажиглалт, тайлбар, хэрэгжүүлэлт болон бие даан Библи судлах аргын түүхэн үйл явц ', 2019, 1, '0', '36.jpg', '0', '2020-03-31 18:00:07', '2020-03-31 18:00:07'),
(37, '\"Чуулган шинэчлэлт\"-ийн 500 жилийн ой', 'Лютер ба Кальвины теологийн харьцуулалт\nХэлэлцүүлэг:\nЗөвхөн Библи\nЗөвхөн итгэл\nАвралын түүх\nНигүүлслийн гэрэ\nЗөв Ариун зоогийн ёслол', 2017, 2, '0', '37.jpg', '0', '2020-03-31 18:12:00', '2020-03-31 18:12:00'),
(38, '\"Чуулган шинэчлэлт\"-ийн 501 жилийн ой', 'Пуритан хоньчлогчийн үндсэн шинж ба хоньчлол\nПуритан хоньчлогчийн номлол ба мөргөл, катехизмийг заах арга\nПуританы түүх\nХоньчин хүн өөрийгөө шинжихүй\n\n', 2018, 2, '0', '38.jpg', '0', '2020-04-01 14:28:19', '2020-04-01 14:28:19'),
(39, '\"Чуулган шинэчлэлт\"-ийн 502 жилийн ой', 'Шинэчлэлт үзэлт итгэл гэж юу вэ?\n\"Шинэчлэлт үзэлт итгэлээр Библийг ойлгох нь\" Лектор: Батцэцэг  \n\"Шинэчлэлт үзэлт итгэлийн өчил\" Лектор: Будцэрэн\n\"Шинэчлэлт үзэлт итгэл ба номлол\" Лектор: Давааням\n\"Шинэчлэлт үзэлт итгэл ба Эзэний өдрийн хүндэтгэл мөргөл\" Лектор: Ганзориг\n\"Шинэчлэлт үзэлт итгэл ба гаж урсгал. Шинэ элч нарын шинэчилсэн хөдөлгөөний үнэн төрх\" Лектор: Молормаа ', 2019, 2, '0', '39.jpg', '0', '2020-04-06 16:19:13', '2020-04-06 16:19:13'),
(40, 'Системт теологи хичээлийн эссе 2018-2019 он', 'Сэдэв:  Бурханы үгийн зөв тунхаглал, Ариун ёслолын зөв гүйцэтгэл, сахилгажуулалтыг шударгаар хэрэгжүүлэх нь байхад эрүүл төлөвшсөн чуулган гэдгийн утга учрыг тайлбарлана уу?', 2019, 1, '0', '40.jpg', '0', '2020-04-06 16:35:50', '2020-04-06 16:35:50'),
(41, 'Хоньчлох ухаан хичээлийн эссе 2018-2019 он', 'Сэдэв:  Жинхэнэ хоньчин, хоньчлол номын товчлол. Өөрийн байгуулахыг хүсч буй чуулганы үзэл баримтлал ба практик төлөвлөгөө', 2019, 1, '0', '41.jpg', '0', '2020-04-06 18:01:22', '2020-04-06 18:01:22'),
(42, 'Чуулганы түүх хичээлийн эссе 2018-2019 он', 'Сэдэв: Папизмт чуулганы хэлбэр ба чуулган шинэчлэлтээр Христитгэлийн шинэчлэгдсэн Христитгэлийн элементүүд', 2019, 1, '0', '42.jpg', '0', '2020-04-06 18:05:01', '2020-04-06 18:05:01'),
(43, 'Шинэчилсэн үзлийн өчил хичээлийн эссе 2018-2019 он', 'Сэдэв:  Вестминстерийн итгэлийн өчил ба Бельгийн итгэлийн өчлийн агуулгын бүтцийн адил тал болон ялгаатай талыг бичих, энэ хоёр итгэлийн тунхагт гарч буй чуулганы талаарх үзлийг тайлбарлах  ', 2019, 1, '0', '43.jpg', '0', '2020-04-06 18:13:43', '2020-04-06 18:13:43'),
(44, 'Итгэлийн тунхаг эссе 2019-2020 он', 'Сэдэв: Вестминстерийн итгэлийн өчил ба Белжигийн итгэлийн өчил дэх агуулгын бүтцийн адил төстэй ба ялгаатай талыг товч бичиж, онцгойлон хоёр итгэлийн өчилд гарсан чуулганыг үзэх үзлийн талаар тайлбарлана уу?', 2019, 1, '0', '44.jpg', '0', '2020-04-06 18:18:43', '2020-04-06 18:18:43'),
(45, 'Мөргөх ухаан хичээлийн эссе 2019-2020 он', 'Сэдэв: Бурханы таалах хүндэтгэл мөргөлийн дагуух Библийн үндэслэлийг танилцуулж өнөөгийн Монгол чуулганы хүндэтгэл мөргөлтэй харьцуулна уу?', 2019, 1, '0', '45.jpg', '0', '2020-04-06 19:04:29', '2020-04-06 19:04:29'),
(46, 'Гэрээ ба Авралын түүхийн үүднээс харж ойлгох Шинэ Гэрээ -2 /Паулын захидлууд/', 'Үйлс ном: Паулын захидлуудыг ойлгоход туслах түүхийн ном\nРом, 1,2 Коринт, Галат ном: Теологийн маргаан, өмгөөллийн асуудал ихтэй Паулын захидлууд\nШоронгийн захидлууд\n1,2 Тесалоник: Христийн ирэх дүр төрхтэй холбоотой Паулын захидал\n1,2 Тимот, Тит: Хоньчлолын захидлууд', 2019, 2, '0', '46.jpg', '0', '2020-04-06 19:15:07', '2020-04-06 19:15:07'),
(47, 'Ариун өргөөгөөр дамжуулан харах Библийн түүх', 'Хуучин гэрээ, Шинэ гэрээнд зааж буй Ариун өргөөний тухай судалгаа', 2019, 2, '0', '47.jpg', '0', '2020-04-06 19:18:12', '2020-04-06 19:18:12'),
(48, 'Ариун Библи', 'Эзэн Бурханы амьд Үг', 1900, 5, '1', '48.jpg', '0', '2020-04-06 19:20:30', '2020-04-06 19:20:30'),
(49, 'Biblia hebraica', 'Еврей Библи', 1900, 16, '1', '49.jpg', '0', '2020-04-06 19:49:34', '2020-04-06 19:49:34'),
(50, 'BIBLIA HEBRAICA ', 'Еврей Библи', 1900, 1, '1', '50.jpg', '0', '2020-04-06 19:58:02', '2020-04-06 19:58:02'),
(51, 'Biblia hebraica', 'Еврей Библи', 1900, 1, '1', '51.jpg', '0', '2020-04-06 20:00:56', '2020-04-06 20:00:56'),
(52, 'Nestle - Aland Novum Testamentum Graece', 'Грек Библи /Хуучин гэрээ/', 1900, 8, '1', '52.jpg', '0', '2020-04-06 20:03:36', '2020-04-06 20:03:36'),
(53, 'The Greek New Testament', 'Грек Библи /Шинэ гэрээ/', 1900, 8, '1', '53.jpg', '0', '2020-04-06 20:07:51', '2020-04-06 20:07:51'),
(54, 'Магтаалын дуу', 'Амьсгалтай бүхэн Эзэнийг магтагтун! Эзэнийг магтантун!', 1900, 5, '1', '54.jpg', '0', '2020-04-06 20:27:05', '2020-04-06 20:27:05'),
(55, 'Библийн түлхүүр', 'Библи бол туйлын үнэн ном юм. ', 2015, 5, '0', '55.jpg', '0', '2020-04-08 15:48:42', '2020-04-08 15:48:42'),
(56, 'Библийг ном номоор нь унших нь', 'Библийн үнэ цэнийг бүрэн ойлгож унших', 2012, 5, '0', '56.jpg', '0', '2020-04-08 16:42:58', '2020-04-08 16:42:58'),
(57, 'Нэг дор унших 66 ном', 'Библийг ойлгон уншихад туслах ном', 2011, 5, '0', '57.jpg', '0', '2020-04-08 16:52:18', '2020-04-08 16:52:18'),
(58, 'Библийг зохистой уншихуй', 'Библи судлалын тухайд ойлгоход хялбараар бичигдсэн амьдралд нийцтэй ном.', 2013, 5, '0', '58.jpg', '0', '2020-04-08 16:59:17', '2020-04-08 16:59:17'),
(59, 'Библийн танилцуулга', 'Энэ номыг олон улсын, өөр өөр урсгал чиглэлийн эвангелийн эрдэмтэн судлаачдын баг бичсэн.   ', 2018, 1, '0', '59.jpg', '0', '2020-04-08 17:12:49', '2020-04-08 17:12:49'),
(60, 'Шинэ гэрээ номыг нэг дор харахуй', 'Шинэ гэрээний теологийг нэг бүрчлэн уншихын төлөөх удирдамж', 2018, 1, '0', '60.jpg', '0', '2020-04-08 17:26:47', '2020-04-08 17:26:47'),
(61, 'Шинэ гэрээний тойм удиртгал', 'Библийг зөв ойлгохын тулд Библийн бүрэлдэн бий болсон явц ба алдагдсан эхийн оронд анхны хувилбарууд болон орчуулгыг судлан эхийг олох ажлыг түрүүнд хийх хэрэгтэй. Түүнчлэн ном тус бүрийг бичсэн хүн, түүхэн он цаг, зорилго, газрыг судалснаар агуулгыг илүү сайн ойлгоход туслана. Үүний адил тойм удиртгалын судалгаа нь Библийн тайлбарын чиг хандлагыг өөрчлөхүйц чухал зүйл бөгөөд тойм удиртгалын ямар байр суурийг баримтлахаас шалтгаалан Библийн харах хараа өөрчлөгддөг. ', 2010, 5, '0', '61.jpg', '0', '2020-04-08 17:40:19', '2020-04-08 17:40:19'),
(62, 'Библийг ойлгох нь', 'Энэ ном 4 хэсэгтэй. 1 хэсэгт: Тайлал гэж юу вэ, яагаад тайлал шаардлагатай вэ, Библийг тайлагч байхын тулд танд юу хэрэгтэй вэ, ямар багаж хэрэгслүүд хэрэгтэй болох, мөн энэ үүргийг хэрхэн биелүүлэх талаар зарим үндсэн асуудлуудыг авч үзнэ. 2 хэсэгт: Библийн хэлийг тайлах ерөнхий зарчмууд болон бидний хэрэглэдэг бүх төрлийн хэллэгийн зарчмуудыг хэлэлцэнэ. 3 хэсэгт: Сургаалт зүйрлэл, яриан дүрслэл, эш үзүүллэг гэх мэт хэллэгийн онцгой хэв шинжүүдэд ашигладаг зарчмуудыг судална. 4 хэсэгт: Библийг амьдралдаа хэрхэн хэрэгжүүлэх, Бурханы бидэнд хувьчлан хэлж байгаа зүйлийг хэрхэн мэдэж, түүнтэй холбогдуулан юу хийвэл зохилтой талаар өгүүлнэ.  ', 2010, 5, '0', '62.jpg', '0', '2020-04-08 17:59:32', '2020-04-08 17:59:32'),
(63, 'Вестминстерийн итгэлийн тунхаг', 'Бичвэр дотроос ярьж буй Ариун Сүнснээс өөр юу ч хамгийн дээд шүүгч байх боломжгүй. Энэ Шүүгчээр дамжин шашны талаарх бүх мэтгэлцээн шийдэгдэх ёстой. Мөн чуулганы зөвлөлийн бүх тунхаг, эртний зохиолчдын үзэл санаа, хүмүүсийн онол сургаал болон хувийн илчлэлүүдийг үүгээр шалгах шаардлагатай. Мөн Түүний шийдвэрт бид сэтгэл хангалуун байх учиртай.  ', 2018, 3, '0', '63.jpg', '0', '2020-04-08 18:20:58', '2020-04-08 18:20:58'),
(64, 'Библи судлах индукцын арга', 'Индукцын арга гэдэг нь Библид бичигдсэн байгаа зүйлсийг уншиж, ажиглалт хийсний үндсэн дээр тайлбарлах оролдого хийж, үүнийгээ амьдралдаа холбон ойлгоод, бодитоор хэрэгжүүлэхийг хэлдэг. ', 2012, 5, '0', '64.jpg', '0', '2020-04-08 18:28:34', '2020-04-08 18:28:34'),
(65, 'Жинхэнэ эрх чөлөө \r\nГалатад бичсэн захидал', 'Галатчуудад бичсэн элч Паулын захидал.', 2008, 5, '0', '65.jpg', '0', '2020-04-08 18:33:48', '2020-04-08 18:33:48'),
(66, 'Илчлэл', 'Энэхүү ном нь Ке-Яг Теологийн сургуульд заадаг лекцийн товч тэмдэглэл юм. ', 2017, 5, '0', '66.jpg', '0', '2020-04-08 18:46:12', '2020-04-08 18:46:12'),
(67, 'Бид одоо хэрнэ сайн мэдээг дахин сонсох хэрэгтэй юу? \r\nГалат чуулганы итгэгчид рүү хандсан элч Паулын өчил ба гэрчлэл', 'Галат чуулганы итгэгчид рүү хандсан элч Паулын өчил ба гэрчлэл.', 2006, 5, '0', '67.jpg', '0', '2020-04-08 18:51:08', '2020-04-08 18:51:08'),
(68, 'Паулын бичсэн захидлууд\r\nРом, 1,2 Тесалоник, ', 'Ром, 1,2 Тесалоник', 2018, 5, '0', '68.jpg', '0', '2020-04-08 19:01:20', '2020-04-08 19:01:20'),
(69, 'Шоронгоос бичсэн захидлууд', 'Ариун Сүнсээр ойлгогдох Бурханы Үг Өөрөө ямар ч тайлбараас илүү юм. Үүнгүйгээр амь амьдрал ч, өсөлт ч, ариусгал ч эсвэл хүлээн авагдах үйлчлэл ч байхгүй болно. Бид түүнийг уншиж, судалж, цээжилж, тунгаан бодохоос гадна гол нь дуулгавартай дагах хэрэгтэй. ', 2015, 5, '0', '69.jpg', '0', '2020-04-08 19:08:54', '2020-04-08 19:08:54'),
(70, 'Марк нэгтгэн дүгнэх Библи судлал \r\nУдирдагчийн тэмдэглэл\r\nДагалдач бэлтгэх сургалт', 'Дагалдагч бэлтгэх сургалт\nУдирдагчийн тэмдэглэл.', 2006, 3, '0', '70.jpg', '0', '2020-04-08 19:37:35', '2020-04-08 19:37:35'),
(71, 'Марк нэгтгэн дүгнэх Библи судлал \r\nСуралцагчийн тэмдэглэл', 'Дагалдагч бэлтгэх сургалт\nСуралцагчийн тэмдэглэл', 2006, 5, '0', '71.jpg', '0', '2020-04-08 19:40:29', '2020-04-08 19:40:29'),
(72, 'Шинэ гэрээний хэрэглээний тайлбар толь', 'Энэ тайлбар толийг ямар нэгэн урсгал чиглэлд нийцүүлж бичээгүй. Харин ч бүх урсгал чиглэлийн христитгэгчид ашиглах боломжтой байх үүднээс бичсэн. Итгэгчид тодорхой нэг сэдвийн талаар өөр өөр үзэл бодолтой байдаг. Энэ тайлбар толь аль нэг үзлийг хэт баримтлалгүй тал талаас нь тусгаж өгсөн. Тайлбар хийхдээ, ялангуяа ерөнхий нийтлэлүүд дээр энэ зарчмыг баримталсан болно.   ', 2007, 5, '0', '72.jpg', '0', '2020-04-09 12:26:41', '2020-04-09 12:26:41'),
(73, 'Бялхам амь \r\nСудлал Библи', 'Энэхүү судлал Библийн гол зорилго нь уншигч таныг ариун Сударт итгэх ганхашгүй итгэлтэй, ялангуяа Шинэ гэрээний элч нарын мэдээнд итгэх гүн гүнзгий итгэлтэй болгоход чиглэсэн юм. ', 2004, 5, '0', '73.jpg', '0', '2020-04-09 12:49:55', '2020-04-09 12:49:55'),
(74, 'Библийн зурагт тайлбар толь', 'Энэхүү Зурагт тайлбар толь нь Библитэй хамт хэрэглэгдэх зориулалттай бөгөөд зөвхөн лавлагаа болоод зогсохгүй уншигчдад Библийн тухай танилцуулна. Энэ номын зорилго нь маш олон гарын авлага, тайлбар толь уншиж байж цуглуулах мэдээллийг нэг дор өгөх явдал юм. Зураг, бүдүүвч, газрын зараг нь номыг чимэглэх бус, харин мэдээллийг улам тодруулж өгөх зорилготой.   ', 2006, 5, '0', '74.jpg', '0', '2020-04-09 12:58:23', '2020-04-09 12:58:23'),
(75, 'Библийн хураангуй толь бичиг', 'Энэхүү Библийн хураангуй толь бичигт тодорхойлогдсон үгс нь Библийн тодорхой нэг үг, нэр томъёо болон Библийн үйл явдал, сургаалын учир утгыг ойлгоход ач тустай юм. ', 2004, 5, '0', '75.jpg', '0', '2020-04-09 13:11:56', '2020-04-09 13:11:56'),
(76, 'Библийн онол сургаал', 'Христитгэгчдийн итгэлийн амин чухал сургаалууд', 2018, 5, '0', '76.jpg', '0', '2020-04-09 13:18:38', '2020-04-09 13:18:38'),
(77, 'Үнэнийг мэд ', 'Христитгэлийн гаоын авлага', 2005, 5, '0', '77.jpg', '0', '2020-04-09 13:34:30', '2020-04-09 13:34:30'),
(78, 'Хуучин гэрээг танилцуулхуйд ', 'Энэ номд Хуучин гэрээний хамгийн сүүлийн үеийн судалгааг багтаасан бөгөөд онцгойлон Израиль үндэстэн бүрэлдэн тогтсон тухай түүхтэй холбоотой сэдвийг дэлгэрэнгүй өгүүлсэн. Түүнчлэн Хуучин гэрээний үеийн хүмүүсийн сүнсний амьдрал хийгээд сүсэг бишрэлийн хувьд эрхэмлэдэг зүйлийн талаар гайхалтай баримт материалуудыг багтааснаас гадна Дэд хуулийн гол номнуудын тухай тайлбарласан.  ', 2010, 5, '0', '78.jpg', '0', '2020-04-09 18:06:02', '2020-04-09 18:06:02'),
(79, 'Хуучин гэрээний Түүхийн номууд, Хуулийн номууд тайлбар', 'Хуучин гэрээний гол агуулгын тайлбар', 2014, 5, '0', '79.jpg', '0', '2020-04-10 14:36:13', '2020-04-10 14:36:13'),
(80, 'Хуучин гэрээний Эш үзүүлэгчид, Яруу найраг номуудын тайлбар', 'Уг тайлбарыг пастор, ахлагчдын сургаал номлолд дөхөм байхаар бодон Библийн зарим хэсгүүдийг сонгон гарчиг өгч сэдэвчилсэн ба ишлэл бүрийг дарааллынх нь дагуу тайлбарласан болно. ', 2014, 5, '0', '80.jpg', '0', '2020-04-10 14:45:21', '2020-04-10 14:45:21'),
(81, 'Яруу найраг ба мэргэн ухаан номуудын тайлбар', 'Яруу найраг ба мэргэн ухаан номуудын тайлбар', 2016, 5, '0', '81.jpg', '0', '2020-04-10 14:51:32', '2020-04-10 14:51:32'),
(82, 'Хуучин гэрээ судлалын эмхтгэл', 'Удирдагчдад зориулав.', 2010, 5, '0', '82.jpg', '0', '2020-04-10 15:00:11', '2020-04-10 15:00:11'),
(83, 'Шинэ гэрээ судлалын эмхтгэл', 'Удирдагчдад зориулав.', 2012, 5, '0', '83.jpg', '0', '2020-04-10 15:03:33', '2020-04-10 15:03:33'),
(84, 'Христитгэлийн суурь', 'Баптист чуулганы бодлогоор энэ ном бүтээгдсэн бөгөөд итгэгчдийг Христэд итгэх итгэлийн үндсийг ойлгоход туслахаар бичигдсэн болно. ', 2019, 2, '0', '84.jpg', '0', '2020-04-10 15:12:00', '2020-04-10 15:12:00'),
(85, 'Бурхантай харилцах нь ', 'Энэхүү сурах бичиг таныг сайн залбирч сурахад туслах болно. ', 2019, 2, '0', '85.jpg', '0', '2020-04-10 15:19:52', '2020-04-10 15:19:52'),
(86, 'Хуучин гэрээг ном номоор нь судлахуй ', 'Энэхүү судлал ном нь Бурханы Үгийг ойлгоход туслах хэрэгслүүдийн нэг юм.  ', 2019, 5, '0', '86.jpg', '0', '2020-04-10 15:38:04', '2020-04-10 15:38:04'),
(87, 'Монгол хэлний товч тайлбар толь', 'Уг толийн үгсийн бүрэлдэхүүнд монгол хэлний арвин сангаас хамгийн чухал хэсгийг сонгон оруулсан. Энэ толийг ард түмний эх хэлний боловсролыг нэмэгдүүлж, ялангуяа багш, зохиолч, сэтгүүлч, орчуулагч, сэхээтэн нарын бүтээлийн үг хэллэгийг сайжруулахад туслах зорилгоор хэвлүүлэн гаргалаа.  ', 1900, 1, '0', '87.jpg', '0', '2020-04-14 12:54:43', '2020-04-14 12:54:43'),
(88, 'Монгол хүнд зориулсан Солонгос хэлний цогц сурах бичиг', 'Солонгос хэлийг бүтээлчээр сурах монгол хүнд зориулсан сурах бичиг.', 1900, 1, '0', '88.jpg', '0', '2020-04-14 15:30:39', '2020-04-14 15:30:39'),
(89, 'Монгол хүнд зориулсан Солонгос хэлний цогц сурах бичиг-6', 'Монголын их дээд сургуулиудын солонгос хэлний хичээлийн агуулгыг багтаасан бөгөөд түүнчлэн бие даан солонгос хэл суралцагчдад зориулсан хялбархнаар сурч болохуйц нэмэлт материалыг ч боловсруулж орууллаа.  ', 1900, 1, '0', '89.jpg', '0', '2020-04-14 15:36:25', '2020-04-14 15:36:25'),
(90, 'Орчин цагийн монгол хэлний сурах бичиг ', 'Солонгос хүнд зориулав. ', 1900, 1, '0', '90.jpg', '0', '2020-04-16 14:36:26', '2020-04-16 14:36:26'),
(91, 'Монгол хэл сурах бичиг ', 'Энэхүү сурах бичгийг монгол хэл эхлэн сурах гадаадын хүнд зориулав. ', 1900, 1, '0', '91.jpg', '0', '2020-04-16 16:35:11', '2020-04-16 16:35:11'),
(92, 'Монгол хэлний тайлбар толь А-Р', 'Монгол үгийг академич Ц. Дамдинсүрэнгийн боловсруулсан шинэ үсгийн дүрэм \"Монгол үсгийн дүрмийн толь\" (УБ, 1983)-ийг баримтлан бичсэн болно. Харин хуучин бичгийн хэлнээс орчин цагийн монгол хэлэнд орсон үгийг хуучин бичгийнх нь хэлбэрийг харгалзан бичив. ', 1900, 1, '0', '92.jpg', '0', '2020-04-16 16:53:53', '2020-04-16 16:53:53'),
(93, 'Монгол хэлний тайлбар толь ', 'Монгол үгийг академич Ц. Дамдинсүрэнгийн боловсруулсан шинэ үсгийн дүрэм \"Монгол үсгийн дүрмийн толь\" (УБ, 1983)-ийг баримтлан бичсэн болно. Харин хуучин бичгийн хэлнээс орчин цагийн монгол хэлэнд орсон үгийг хуучин бичгийнх нь хэлбэрийг харгалзан бичив.  ', 1900, 1, '0', '93.jpg', '0', '2020-04-16 17:03:34', '2020-04-16 17:03:34'),
(94, 'Өвөрмөц хэллэг 100', 'Монгол хэл сурч буй солонгосчуудад болон солонгос хэлийг тэр дундаа зүйр цэцэн үг, өвөрмац хэллэгийг судлахыг хүсч буй хүмүүст зориулан ном болгон хэвлэв. ', 1900, 1, '0', '94.jpg', '0', '2020-04-16 17:26:38', '2020-04-16 17:26:38'),
(95, 'Орчин цагийн Монгол Солонгос халаасны толь бичиг', 'Уг толь бичгийг Солонгос хэл эхлэн сурч буй Монгол оюутан, сурагчдад зориулсан болно. ', 1900, 1, '0', '95.jpg', '0', '2020-04-16 17:32:48', '2020-04-16 17:32:48'),
(96, 'Зарим хуучин үг хэллэгийн тайлбар толь', 'Хуучин ном судар уншихад, төрөлх хэлнийхээ баян үг хэллэгийг мэдэж байхад бас эх хэлээрээ ядмаг цөөн үгэнд эргэлдэх бус, яруу сайхнаар найруулан бичихэд тус нэмэр болно хэмээн эдүүгээ тэр бүр хүн утгыг нь мэдэхээ больж буй хуучин үг хэллэгүүдээс хумьж, энэхүү толийг тэрлэлээ. ', 1900, 1, '0', '96.jpg', '0', '2020-04-16 17:58:24', '2020-04-16 17:58:24'),
(97, 'Солонгос Монгол толь бичиг', 'Уг толийг найруулахдаа орчин үеийн толь зүйн онол, зарчмыг мөрдлөг болгож солонгос, монгол хэлний онцлог, хоёр үндэстний соёл, аж төрөх ёсны хэв шинжийг харгалзахын сацуу, эх хэлний уугуул сэтгэлгээ, хэвшсэн дэг жаягийн дагуу үгийн утгыг дүйлгэн оноохыг чармайсан билээ.  ', 1900, 5, '1', '97.jpg', '0', '2020-04-16 18:20:52', '2020-04-16 18:20:52'),
(98, 'Авралын түүхийг харах цуврал Библийн нэгдсэн судалгаа', 'Авралын түүхийг харах цуврал', 2017, 5, '0', '98.jpg', '1', '2020-04-20 10:57:19', '2020-04-20 10:57:19'),
(99, 'asdfasdf', 'asdfasfdasf', 1980, 1, '0', '2020_04_23_2_53.jpg', '1', '2020-04-23 01:41:22', '2020-04-23 01:41:22'),
(100, 'aaaaaaaaaaaaaaaaaaaaaaaaa', 'aaaaaaaaaaaaaaaaaaaa', 1980, 1, '1', '2020_04_23_7_03.jpg', '1', '2020-04-23 07:55:54', '2020-04-23 07:55:54'),
(101, 'testing', 'testing', 1980, 1, '0', '2020_04_23_9_08.jpg', '1', '2020-04-23 09:10:53', '2020-04-23 09:10:53'),
(102, 'Зургаар ', 'рөыбраш', 1902, 1, '0', '2020_04_23_12_18.jpg', '0', '2020-04-23 12:44:48', '2020-04-23 12:44:48'),
(103, 'Шинэчлэлт үзэлт итгэл гэж юу вэ?', 'Шинэчлэлт итгэлийн гол үзэл санаа. Шинэчлэлт итгэлийн авралыг үзэх үзэл. Шинэчлэлт итгэлийн тэмдэг (зарчим). Шинэчлэлт чуулганы тэмдэг.  ', 2019, 2, '0', '2020_04_29_17_53.jpg', '0', '2020-04-29 18:01:25', '2020-04-29 18:01:25'),
(104, 'Мөргөх ухаан хичээлийн эссе 2018-2019 он', 'Сэдэв: Чуулганы түүхэн дэх мөргөлийн бүтэц, дэс дарааллыг танилцуулах. Шинэчлэлт чуулганы мөргөлийн бүтцийн элемент түүний Библийн дагуух үндэслэлийг танилцуулах нь. Өнөөгийн Монгол чуулганы мөргөлийн элементийг Шинэчлэлт чуулганы мөргөлийн элементтэй харьцуулан, засаж сайжруулах нь', 2019, 1, '0', '2020_05_23_19_30.jpg', '0', '2020-04-29 18:20:48', '2020-04-29 18:20:48');

-- --------------------------------------------------------

--
-- Table structure for table `book_details`
--

CREATE TABLE `book_details` (
  `id` int(11) NOT NULL,
  `book_id` int(11) NOT NULL,
  `author_id` int(11) NOT NULL,
  `lang_id` int(11) NOT NULL,
  `basic_id` int(11) NOT NULL,
  `sub_id` int(11) NOT NULL,
  `company_id` int(11) NOT NULL,
  `flow_id` int(11) NOT NULL,
  `esse` enum('0','1') NOT NULL DEFAULT '0',
  `bible` int(11) NOT NULL
) ENGINE=InnoDB DEFAULT CHARSET=utf8;

--
-- Dumping data for table `book_details`
--

INSERT INTO `book_details` (`id`, `book_id`, `author_id`, `lang_id`, `basic_id`, `sub_id`, `company_id`, `flow_id`, `esse`, `bible`) VALUES
(1, 1, 20, 3, 10, 37, 7, 2, '1', 1),
(2, 2, 20, 3, 10, 37, 7, 2, '1', 1),
(3, 3, 21, 3, 10, 37, 7, 2, '1', 1),
(4, 4, 22, 3, 10, 35, 7, 2, '1', 1),
(5, 5, 7, 3, 10, 35, 7, 2, '1', 1),
(12, 12, 23, 3, 10, 35, 7, 2, '1', 1),
(13, 13, 24, 3, 10, 46, 7, 2, '1', 1),
(14, 14, 24, 3, 10, 46, 7, 2, '1', 1),
(15, 15, 25, 3, 10, 29, 7, 2, '1', 1),
(16, 16, 9, 3, 10, 30, 7, 2, '1', 1),
(17, 17, 26, 3, 10, 42, 7, 2, '1', 1),
(18, 18, 27, 3, 10, 36, 7, 2, '1', 1),
(19, 19, 28, 3, 10, 38, 7, 2, '1', 1),
(20, 20, 29, 3, 10, 39, 7, 2, '1', 1),
(21, 21, 30, 3, 10, 39, 7, 2, '1', 1),
(22, 22, 31, 3, 10, 40, 7, 2, '1', 1),
(23, 23, 25, 3, 10, 41, 7, 2, '1', 1),
(24, 24, 32, 3, 10, 41, 7, 2, '1', 1),
(25, 25, 22, 3, 10, 42, 7, 2, '1', 1),
(26, 26, 33, 3, 10, 40, 7, 2, '1', 1),
(27, 27, 34, 3, 10, 40, 7, 2, '1', 1),
(28, 28, 35, 3, 10, 43, 7, 2, '1', 1),
(29, 29, 35, 3, 10, 43, 7, 2, '1', 1),
(30, 30, 36, 3, 10, 41, 7, 2, '1', 1),
(31, 31, 37, 3, 10, 44, 7, 2, '1', 1),
(32, 32, 37, 3, 10, 44, 7, 2, '1', 1),
(33, 33, 38, 3, 10, 44, 7, 2, '1', 1),
(34, 34, 39, 3, 10, 44, 7, 2, '1', 1),
(35, 35, 38, 3, 10, 45, 7, 2, '1', 1),
(36, 36, 30, 3, 10, 46, 7, 2, '1', 1),
(37, 37, 41, 3, 10, 50, 7, 2, '1', 1),
(38, 38, 42, 3, 10, 50, 7, 2, '1', 1),
(39, 39, 43, 3, 10, 50, 7, 2, '1', 1),
(40, 40, 40, 3, 10, 49, 7, 2, '0', 1),
(41, 41, 40, 3, 10, 49, 7, 2, '0', 1),
(42, 42, 40, 3, 10, 49, 7, 2, '0', 1),
(43, 43, 40, 3, 10, 49, 7, 2, '0', 1),
(44, 44, 40, 3, 10, 49, 7, 2, '0', 1),
(45, 45, 40, 3, 10, 49, 7, 2, '0', 1),
(46, 46, 22, 3, 10, 47, 7, 2, '1', 1),
(47, 47, 25, 3, 10, 48, 7, 2, '1', 1),
(48, 48, 46, 3, 12, 52, 9, 3, '1', 1),
(49, 49, 48, 9, 12, 54, 10, 3, '1', 1),
(50, 50, 48, 9, 12, 54, 10, 3, '1', 1),
(51, 51, 48, 9, 12, 54, 10, 3, '1', 1),
(52, 52, 49, 8, 12, 55, 10, 3, '1', 1),
(53, 53, 49, 8, 12, 55, 10, 3, '1', 1),
(54, 54, 46, 3, 15, 56, 11, 4, '1', 1),
(55, 55, 51, 3, 16, 59, 12, 1, '0', 1),
(56, 56, 52, 3, 16, 59, 13, 1, '0', 1),
(57, 57, 53, 3, 16, 59, 14, 1, '0', 1),
(58, 58, 52, 3, 16, 59, 15, 1, '0', 1),
(59, 59, 54, 3, 16, 59, 16, 1, '0', 1),
(60, 60, 55, 3, 16, 59, 17, 1, '0', 1),
(61, 61, 56, 3, 16, 59, 14, 1, '0', 1),
(62, 62, 57, 3, 16, 59, 13, 1, '0', 1),
(63, 63, 58, 3, 10, 38, 18, 1, '0', 1),
(64, 64, 59, 3, 16, 59, 19, 1, '0', 1),
(65, 65, 60, 3, 16, 59, 13, 1, '0', 1),
(66, 66, 61, 3, 16, 59, 20, 1, '0', 1),
(67, 67, 44, 3, 16, 59, 8, 1, '0', 1),
(68, 68, 62, 3, 16, 59, 21, 1, '0', 1),
(69, 69, 62, 3, 16, 59, 21, 1, '0', 1),
(70, 70, 63, 3, 16, 59, 22, 1, '0', 1),
(71, 71, 63, 3, 16, 59, 22, 1, '0', 1),
(72, 72, 64, 3, 16, 60, 6, 1, '0', 1),
(73, 73, 65, 3, 16, 59, 23, 1, '0', 1),
(74, 74, 66, 3, 16, 60, 6, 1, '0', 1),
(75, 75, 67, 3, 16, 60, 24, 1, '0', 1),
(76, 76, 68, 3, 16, 58, 13, 1, '0', 1),
(77, 77, 18, 3, 16, 58, 6, 1, '0', 1),
(78, 78, 69, 3, 16, 59, 6, 1, '0', 1),
(79, 79, 70, 3, 16, 59, 25, 1, '0', 1),
(80, 80, 70, 3, 16, 59, 25, 1, '0', 1),
(81, 81, 70, 3, 16, 59, 25, 1, '0', 1),
(82, 82, 71, 3, 16, 59, 26, 1, '0', 1),
(83, 83, 71, 3, 16, 59, 26, 1, '0', 1),
(84, 84, 72, 3, 16, 59, 6, 1, '0', 1),
(85, 85, 73, 3, 17, 61, 6, 1, '0', 1),
(86, 86, 74, 3, 16, 59, 15, 1, '0', 1),
(87, 87, 75, 3, 18, 64, 27, 4, '1', 1),
(88, 88, 76, 3, 19, 63, 28, 4, '1', 0),
(89, 89, 76, 3, 19, 63, 28, 4, '1', 0),
(90, 90, 77, 3, 18, 65, 29, 4, '1', 0),
(91, 91, 78, 3, 18, 65, 29, 4, '1', 0),
(92, 92, 79, 3, 18, 64, 1, 4, '1', 0),
(93, 93, 79, 3, 18, 64, 1, 4, '1', 0),
(94, 94, 80, 3, 19, 66, 32, 4, '1', 0),
(95, 95, 81, 10, 20, 68, 32, 4, '1', 0),
(96, 96, 82, 3, 18, 64, 33, 4, '1', 0),
(97, 97, 83, 10, 21, 69, 29, 4, '1', 0),
(98, 98, 14, 3, 16, 59, 34, 1, '0', 1),
(99, 99, 3, 1, 15, 56, 10, 2, '0', 0),
(100, 100, 3, 1, 15, 56, 10, 2, '1', 1),
(101, 101, 3, 1, 15, 56, 10, 2, '0', 0),
(102, 102, 86, 3, 19, 66, 32, 1, '0', 0),
(103, 103, 29, 3, 10, 74, 7, 2, '1', 1),
(104, 104, 40, 3, 10, 49, 7, 2, '0', 1);

-- --------------------------------------------------------

--
-- Table structure for table `book_flow`
--

CREATE TABLE `book_flow` (
  `id` int(11) NOT NULL,
  `name` varchar(255) NOT NULL,
  `created_at` datetime NOT NULL DEFAULT current_timestamp()
) ENGINE=InnoDB DEFAULT CHARSET=utf8;

--
-- Dumping data for table `book_flow`
--

INSERT INTO `book_flow` (`id`, `name`, `created_at`) VALUES
(1, 'баптист', '2020-03-29 17:56:05'),
(2, 'Просбитериан ', '2020-03-29 17:56:05'),
(3, 'Амьд Бурханы Үг', '2020-04-29 18:32:10'),
(4, 'хамаарахгүй', '2020-04-29 18:39:44');

-- --------------------------------------------------------

--
-- Table structure for table `book_rent`
--

CREATE TABLE `book_rent` (
  `id` int(11) NOT NULL,
  `user_code` int(11) NOT NULL,
  `book_code` int(11) NOT NULL,
  `ogson_date` date NOT NULL,
  `awah_date` date NOT NULL,
  `overdue_date` int(11) NOT NULL,
  `price` int(11) NOT NULL,
  `status` enum('0','1') NOT NULL DEFAULT '0',
  `created_at` datetime NOT NULL
) ENGINE=InnoDB DEFAULT CHARSET=utf8;

--
-- Dumping data for table `book_rent`
--

INSERT INTO `book_rent` (`id`, `user_code`, `book_code`, `ogson_date`, `awah_date`, `overdue_date`, `price`, `status`, `created_at`) VALUES
(1, 1200901, 1, '2020-05-25', '2020-06-12', 0, 0, '1', '2020-05-25 15:40:52');

-- --------------------------------------------------------

--
-- Table structure for table `book_users`
--

CREATE TABLE `book_users` (
  `id` int(11) NOT NULL,
  `user_id` int(11) NOT NULL,
  `book_id` int(11) NOT NULL,
  `overdue_date` int(11) NOT NULL,
  `mongo` int(11) NOT NULL,
  `status` int(11) NOT NULL,
  `giving_at` varchar(50) NOT NULL,
  `receipt_at` varchar(50) NOT NULL
) ENGINE=InnoDB DEFAULT CHARSET=utf8;

--
-- Dumping data for table `book_users`
--

INSERT INTO `book_users` (`id`, `user_id`, `book_id`, `overdue_date`, `mongo`, `status`, `giving_at`, `receipt_at`) VALUES
(19, 3, 1, 0, 0, 0, '2020-03-02 08:38:06', '2020-03-18 08:38:06'),
(20, 3, 2, 0, 0, 0, '2020-03-02 08:38:06', '2020-03-18 08:38:06'),
(21, 3, 3, 0, 0, 0, '2020-03-02 08:38:06', '2020-03-18 08:38:06');

-- --------------------------------------------------------

--
-- Table structure for table `burtgel`
--

CREATE TABLE `burtgel` (
  `id` int(11) NOT NULL,
  `user_id` int(11) NOT NULL,
  `angi_id` int(11) NOT NULL,
  `year` int(11) NOT NULL,
  `code` int(11) NOT NULL,
  `created_at` datetime NOT NULL DEFAULT current_timestamp()
) ENGINE=InnoDB DEFAULT CHARSET=utf8;

--
-- Dumping data for table `burtgel`
--

INSERT INTO `burtgel` (`id`, `user_id`, `angi_id`, `year`, `code`, `created_at`) VALUES
(4, 1, 1, 2020, 1202001, '2020-04-09 16:29:16'),
(5, 3, 4, 2020, 4202001, '2020-04-16 13:38:47'),
(8, 8, 6, 2008, 6200801, '2020-04-23 12:56:37'),
(71, 90, 2, 2010, 2201001, '2020-04-30 16:33:45'),
(72, 95, 2, 2010, 2201002, '2020-04-30 16:34:50'),
(73, 91, 2, 2010, 2201003, '2020-04-30 16:35:52'),
(74, 89, 2, 2010, 2201004, '2020-04-30 16:36:50'),
(75, 88, 2, 2010, 2201005, '2020-04-30 16:39:03'),
(76, 94, 2, 2010, 2201006, '2020-04-30 16:40:10'),
(77, 92, 2, 2010, 2201007, '2020-04-30 16:41:06'),
(78, 109, 2, 2010, 2201008, '2020-04-30 16:42:47'),
(79, 164, 2, 2011, 2201101, '2020-04-30 16:45:12'),
(80, 85, 2, 2011, 2201102, '2020-04-30 16:46:35'),
(81, 83, 2, 2011, 2201103, '2020-04-30 16:47:49'),
(82, 84, 2, 2011, 2201104, '2020-04-30 16:48:57'),
(83, 79, 2, 2012, 2201201, '2020-04-30 16:59:49'),
(84, 75, 2, 2012, 2201202, '2020-04-30 17:00:56'),
(85, 137, 2, 2012, 2201203, '2020-04-30 17:03:29'),
(86, 74, 2, 2012, 2201204, '2020-04-30 17:04:41'),
(87, 76, 2, 2013, 2201301, '2020-04-30 17:16:35'),
(88, 78, 2, 2013, 2201302, '2020-04-30 17:20:49'),
(89, 68, 2, 2013, 2201303, '2020-04-30 17:21:57'),
(90, 161, 2, 2013, 2201304, '2020-04-30 17:23:01'),
(91, 80, 2, 2013, 2201305, '2020-04-30 17:25:44'),
(93, 58, 2, 2014, 2201401, '2020-04-30 17:34:08'),
(94, 59, 2, 2014, 2201402, '2020-04-30 17:35:17'),
(95, 56, 2, 2014, 2201403, '2020-04-30 17:37:09'),
(96, 57, 2, 2014, 2201404, '2020-04-30 17:38:29'),
(97, 72, 2, 2015, 2201501, '2020-04-30 17:42:21'),
(98, 70, 2, 2015, 2201502, '2020-04-30 17:43:32'),
(99, 69, 2, 2015, 2201503, '2020-04-30 17:44:26'),
(100, 65, 2, 2016, 2201601, '2020-04-30 17:48:29'),
(101, 64, 2, 2016, 2201602, '2020-04-30 17:49:34'),
(102, 63, 2, 2016, 2201603, '2020-04-30 17:50:40'),
(106, 50, 2, 2017, 2201701, '2020-04-30 18:11:42'),
(107, 49, 2, 2017, 2201702, '2020-04-30 18:12:36'),
(108, 35, 2, 2017, 2201703, '2020-04-30 18:13:32'),
(112, 51, 2, 2017, 2201704, '2020-04-30 18:19:29'),
(113, 47, 2, 2017, 2201705, '2020-04-30 18:20:17'),
(115, 23, 3, 2017, 3201701, '2020-04-30 18:31:34'),
(116, 24, 3, 2017, 3201702, '2020-04-30 18:32:37'),
(117, 21, 2, 2018, 2201801, '2020-04-30 18:34:34'),
(118, 22, 2, 2018, 2201802, '2020-04-30 18:35:35'),
(119, 29, 2, 2018, 2201803, '2020-04-30 18:37:18'),
(120, 30, 3, 2018, 3201801, '2020-04-30 18:40:15'),
(121, 14, 3, 2019, 3201901, '2020-04-30 18:43:11'),
(122, 13, 3, 2019, 3201902, '2020-04-30 18:44:18'),
(123, 17, 3, 2019, 3201903, '2020-04-30 18:45:22'),
(124, 18, 3, 2019, 3201904, '2020-04-30 18:46:42'),
(125, 96, 1, 2009, 1200901, '2020-04-30 18:49:16'),
(126, 101, 1, 2009, 1200902, '2020-04-30 18:53:24'),
(127, 98, 1, 2009, 1200903, '2020-04-30 18:54:23'),
(128, 99, 1, 2009, 1200904, '2020-04-30 18:55:37'),
(129, 97, 1, 2009, 1200905, '2020-04-30 18:57:06'),
(130, 143, 1, 2008, 1200801, '2020-04-30 19:04:10'),
(131, 131, 1, 2008, 1200802, '2020-04-30 19:05:25'),
(132, 144, 1, 2008, 1200803, '2020-04-30 19:10:21'),
(133, 142, 1, 2008, 1200804, '2020-04-30 19:11:43'),
(134, 130, 1, 2008, 1200805, '2020-04-30 19:12:49');

-- --------------------------------------------------------

--
-- Table structure for table `category`
--

CREATE TABLE `category` (
  `id` int(11) NOT NULL,
  `basic_id` int(11) NOT NULL,
  `sub_id` int(11) NOT NULL
) ENGINE=InnoDB DEFAULT CHARSET=utf8;

--
-- Dumping data for table `category`
--

INSERT INTO `category` (`id`, `basic_id`, `sub_id`) VALUES
(1, 1, 1),
(4, 1, 4),
(19, 8, 19),
(20, 8, 20),
(21, 8, 21),
(22, 9, 22),
(23, 9, 23),
(24, 9, 24),
(27, 10, 27),
(28, 10, 28),
(29, 10, 29),
(30, 10, 30),
(31, 10, 31),
(35, 10, 35),
(36, 10, 36),
(37, 10, 37),
(38, 10, 38),
(39, 10, 39),
(40, 10, 40),
(41, 10, 41),
(42, 10, 42),
(43, 10, 43),
(44, 10, 44),
(45, 10, 45),
(46, 10, 46),
(47, 10, 47),
(48, 10, 48),
(49, 10, 49),
(50, 10, 50),
(51, 11, 51),
(52, 12, 52),
(53, 14, 53),
(54, 12, 54),
(55, 12, 55),
(56, 15, 56),
(58, 16, 58),
(59, 16, 59),
(60, 16, 60),
(61, 17, 61),
(63, 19, 63),
(64, 18, 64),
(65, 18, 65),
(66, 19, 66),
(68, 20, 68),
(69, 21, 69),
(73, 10, 73),
(74, 10, 74);

-- --------------------------------------------------------

--
-- Table structure for table `category_basic`
--

CREATE TABLE `category_basic` (
  `id` int(11) NOT NULL,
  `name` varchar(255) NOT NULL,
  `created_at` datetime NOT NULL DEFAULT current_timestamp()
) ENGINE=InnoDB DEFAULT CHARSET=utf8;

--
-- Dumping data for table `category_basic`
--

INSERT INTO `category_basic` (`id`, `name`, `created_at`) VALUES
(1, 'Системт теологи', '2020-03-17 05:50:53'),
(8, 'Чуулганы түүх', '2020-03-19 16:33:57'),
(9, 'Хүндэтгэл мөргөл', '2020-03-19 18:55:33'),
(10, 'Шинэчлэлт үзлийн теологи', '2020-03-19 19:41:55'),
(11, 'Сайн мэдээ ба илгээлт', '2020-03-31 17:56:12'),
(12, 'Ариун Библи', '2020-03-31 18:02:48'),
(14, 'Монголын Христитгэлийн түүх', '2020-04-01 13:57:17'),
(15, ' Магтаалын дуу', '2020-04-06 20:21:00'),
(16, 'Библи судлал', '2020-04-08 15:38:10'),
(17, 'Залбирал', '2020-04-10 15:20:09'),
(18, 'Монгол хэл', '2020-04-14 12:29:26'),
(19, 'Солонгос хэл', '2020-04-14 13:00:17'),
(20, 'Монгол Солонгос', '2020-04-16 17:35:38'),
(21, 'Солонгос Монгол', '2020-04-16 18:08:20');

-- --------------------------------------------------------

--
-- Table structure for table `category_sub`
--

CREATE TABLE `category_sub` (
  `id` int(11) NOT NULL,
  `name` varchar(255) NOT NULL,
  `created_at` datetime NOT NULL DEFAULT current_timestamp()
) ENGINE=InnoDB DEFAULT CHARSET=utf8;

--
-- Dumping data for table `category_sub`
--

INSERT INTO `category_sub` (`id`, `name`, `created_at`) VALUES
(1, 'Библи', '2020-03-17 05:55:48'),
(4, 'газрын зураг', '2020-03-17 05:56:15'),
(10, 'Чуулганы түүх', '2020-03-17 05:57:17'),
(19, 'Дундад зууны болон шинэчлэлтийн түүх', '2020-03-19 16:35:09'),
(20, 'Анхны үеийн чуулган', '2020-03-19 17:58:28'),
(21, 'Шинэчлэлтийн түүх', '2020-03-19 18:33:45'),
(22, 'Библийн дагуух мөргөл', '2020-03-19 18:56:19'),
(23, 'Гэрээний үзлээр харсан мөргөл', '2020-03-19 18:57:04'),
(24, 'Мөргөх ухаан', '2020-03-19 18:57:34'),
(25, 'Хуучин гэрээ', '2020-03-19 19:42:12'),
(27, 'тунгаан бодох-шинэ гэрээ', '2020-03-19 20:00:53'),
(28, 'тунгаан бодох-хуучин гэрээ', '2020-03-19 20:03:09'),
(29, 'Хуучин гэрээний тойм', '2020-03-19 20:09:48'),
(30, 'Хуучин гэрээг тайлбарлах арга', '2020-03-19 20:11:25'),
(31, 'Библийн гэрээнүүд', '2020-03-19 20:41:19'),
(33, 'Дундад зууны чуулганы түүх', '2020-03-23 13:40:58'),
(35, 'Хүндэтгэл мөргөл', '2020-03-23 14:36:32'),
(36, 'Системт теологи', '2020-03-23 14:37:07'),
(37, 'Чуулганы түүх', '2020-03-23 14:40:51'),
(38, 'Итгэлийн тунхаг', '2020-03-23 17:31:43'),
(39, 'Гаж урсгал', '2020-03-23 17:42:11'),
(40, 'Хоньчлол', '2020-03-24 14:55:40'),
(41, 'Чуулган', '2020-03-24 15:26:17'),
(42, 'Библи тайлбарлах', '2020-03-24 16:58:31'),
(43, 'Дотоод эдгэрэл', '2020-03-24 17:30:28'),
(44, 'Номлол', '2020-03-24 17:31:33'),
(45, 'Ариун ёслол', '2020-03-31 16:03:05'),
(46, 'Библи судлал', '2020-03-31 16:42:15'),
(47, 'Багш нарын семинар', '2020-03-31 16:57:07'),
(48, 'Төгсөгчдийн семинар', '2020-03-31 16:57:29'),
(49, 'Эссе', '2020-03-31 16:57:57'),
(50, 'Чуулган шинэчлэлтийн семинар', '2020-03-31 16:59:04'),
(51, 'Галат ном', '2020-03-31 17:57:09'),
(52, 'Хуучин гэрээ. Шинэ гэрээ', '2020-03-31 18:07:27'),
(53, 'Монголын христитгэлтнүүд', '2020-04-01 13:59:01'),
(54, 'Еврей Библи', '2020-04-06 19:43:53'),
(55, 'Грек Библи', '2020-04-06 19:44:08'),
(56, 'Монгол магтан дуу', '2020-04-06 20:22:14'),
(58, 'Библи унших ', '2020-04-08 16:40:14'),
(59, 'Библийн тайлбар ', '2020-04-08 17:04:57'),
(60, 'Библийн толь бичиг', '2020-04-09 13:05:30'),
(61, 'Сурах бичиг', '2020-04-10 15:20:28'),
(63, 'Солонгос хэлний цогц сурах бичиг', '2020-04-14 13:22:44'),
(64, 'Тайлбар толь', '2020-04-16 16:39:40'),
(65, 'Монгол хэлний сурах бичиг', '2020-04-16 16:40:37'),
(66, 'дипломны ажил', '2020-04-16 17:21:23'),
(67, 'Монгол Солонгос', '2020-04-16 17:34:07'),
(68, 'Толь бичиг', '2020-04-16 17:36:08'),
(69, 'толь бичиг', '2020-04-16 18:09:01'),
(73, 'Нээлтийн семинар (хавар)', '2020-04-29 18:02:44'),
(74, 'Нээлтийн семинар (намар)', '2020-04-29 18:03:06');

-- --------------------------------------------------------

--
-- Table structure for table `chuulgan`
--

CREATE TABLE `chuulgan` (
  `id` int(11) NOT NULL,
  `name` varchar(255) NOT NULL,
  `created_at` datetime NOT NULL DEFAULT current_timestamp()
) ENGINE=InnoDB DEFAULT CHARSET=utf8;

--
-- Dumping data for table `chuulgan`
--

INSERT INTO `chuulgan` (`id`, `name`, `created_at`) VALUES
(1, 'Ариун асар', '2020-03-13 09:07:11'),
(2, 'ариун хайрын өргөө', '2020-03-13 09:07:20'),
(5, 'Ариун тэнгэр', '2020-03-14 15:29:21');

-- --------------------------------------------------------

--
-- Table structure for table `company`
--

CREATE TABLE `company` (
  `id` int(11) NOT NULL,
  `name` varchar(255) NOT NULL,
  `created_at` datetime NOT NULL DEFAULT current_timestamp()
) ENGINE=InnoDB DEFAULT CHARSET=utf8;

--
-- Dumping data for table `company`
--

INSERT INTO `company` (`id`, `name`, `created_at`) VALUES
(1, 'монсудар', '2020-03-17 06:12:26'),
(2, 'өнгөт хэвлэл', '2020-03-17 06:12:33'),
(3, 'соёмбо притинг ХХК', '2020-03-17 06:12:45'),
(4, 'хулдаасан хэвлэл \"Мөнгөн Ганзай\" ХХК', '2020-03-17 06:13:19'),
(6, 'МТӨС', '2020-03-18 18:05:48'),
(7, 'МПТС', '2020-03-19 14:18:52'),
(8, 'DLC', '2020-03-31 17:50:14'),
(9, 'Ариун Бичээс нийгэмлэг', '2020-03-31 18:01:15'),
(10, 'Deutsche Bibelgesellschaft', '2020-04-06 19:41:58'),
(11, 'Монголын Христийн дууны холбоо', '2020-04-06 20:19:07'),
(12, 'Нүүдэлчдийн Библийн академи', '2020-04-08 15:28:43'),
(13, 'Библийн сургатын төв', '2020-04-08 15:49:43'),
(14, 'DLP', '2020-04-08 16:45:49'),
(15, 'Монголын Бурханы чуулганы Библийн сургалтын төв ', '2020-04-08 16:54:23'),
(16, 'IVP', '2020-04-08 17:00:09'),
(17, 'МТБТ', '2020-04-08 17:23:05'),
(18, 'Виржиниа Христийн их сургуулийн Монгол салбар', '2020-04-08 18:06:20'),
(19, 'Мастерс Библийн сургууль', '2020-04-08 18:23:39'),
(20, 'Ка-Раг Тун-Бү чуулган', '2020-04-08 18:40:08'),
(21, 'Үл устах Үгс ', '2020-04-08 18:53:25'),
(22, 'Христэд итгэгч оюутны нөхөрлөл', '2020-04-08 19:09:55'),
(23, 'Ариун Бичээс Библийн нийгэмлэг', '2020-04-09 12:32:23'),
(24, 'Дэлхийн зөн ОУБ', '2020-04-09 13:03:47'),
(25, 'Ёнгуан хэвлэлийн газар', '2020-04-10 14:20:22'),
(26, 'Ерөөлийн суваг', '2020-04-10 14:55:58'),
(27, 'БНМАУ-ын ШУА-ийн Хэл зохиолын хүрээлэн', '2020-04-14 12:28:55'),
(28, 'Солонгос сан', '2020-04-14 12:59:58'),
(29, 'МУИС', '2020-04-16 14:33:44'),
(30, 'Монсудар', '2020-04-16 16:39:17'),
(31, 'Дипломны ажил', '2020-04-16 17:19:04'),
(32, 'Улаанбаатар Дээд сургууль', '2020-04-16 17:28:04'),
(33, 'Мөнхийн үсэг', '2020-04-16 17:47:31'),
(34, 'Засварласан хэвлэл', '2020-04-20 10:52:27'),
(35, 'Монгол чуулганы теологийн судалгааны төв', '2020-04-20 11:38:51');

-- --------------------------------------------------------

--
-- Table structure for table `languages`
--

CREATE TABLE `languages` (
  `id` int(11) NOT NULL,
  `name` varchar(255) NOT NULL
) ENGINE=InnoDB DEFAULT CHARSET=utf8;

--
-- Dumping data for table `languages`
--

INSERT INTO `languages` (`id`, `name`) VALUES
(1, 'англи'),
(2, 'солонгос'),
(3, 'монгол'),
(4, 'орос'),
(5, 'япон'),
(6, 'хятад'),
(8, 'грек'),
(9, 'еврей'),
(10, 'Монгол Солонгос');

-- --------------------------------------------------------

--
-- Table structure for table `users`
--

CREATE TABLE `users` (
  `id` int(11) NOT NULL,
  `first_name` varchar(255) NOT NULL,
  `last_name` varchar(255) NOT NULL,
  `email` varchar(255) NOT NULL,
  `regid` varchar(255) NOT NULL,
  `address` text NOT NULL,
  `phone` int(11) NOT NULL,
  `gender` enum('m','f') NOT NULL,
  `type_id` int(11) NOT NULL,
  `chuulgan_id` int(11) NOT NULL,
  `profile` varchar(255) NOT NULL,
  `status` int(11) NOT NULL DEFAULT 0,
  `created_at` datetime NOT NULL,
  `updated_at` datetime NOT NULL DEFAULT current_timestamp()
) ENGINE=InnoDB DEFAULT CHARSET=utf8;

--
-- Dumping data for table `users`
--

INSERT INTO `users` (`id`, `first_name`, `last_name`, `email`, `regid`, `address`, `phone`, `gender`, `type_id`, `chuulgan_id`, `profile`, `status`, `created_at`, `updated_at`) VALUES
(1, 'сарнай', 'цэнгэл', 'ab@gmail.com', 'УЖ88976523', 'Хотхон', 88978987, 'f', 3, 5, '2020_04_23_16_31.jpg', 1, '2020-03-12 05:25:45', '2020-03-12 05:25:45'),
(3, 'бат', 'дорж', 'bat@hatmail.com', 'ЭЭ99001122', 'Хан-Уул дүүрэг', 98765498, 'f', 2, 1, 'user2.jpg', 1, '2020-03-12 08:13:15', '2020-03-12 08:13:15'),
(8, 'Молормаа', 'Эрдэнэбилэг', 'erdenebileg_molormaa@yahoo.com', 'ЧЕ710819', 'БЗД 3хороо', 91644219, 'm', 2, 5, '2020_04_23_12_13.jpg', 1, '2020-04-23 12:54:26', '2020-04-23 12:54:26'),
(9, 'Энхтүвшин', 'Анхтуяа ', 'бичээгүй байна', 'УШ89050140', 'ЧД 17 хороо Сурагчийн 81-942 тооот', 88968188, 'f', 3, 1, '2020_04_23_15_41.jpg', 0, '2020-04-23 16:14:01', '2020-04-23 16:14:01'),
(10, 'Бямбаа', 'Батдэлгэр', '12180112@gmail.com', 'ЗЮ92121819', 'БЗД Улаанхуаран 8 хороо 5-149а', 88091624, 'm', 3, 1, '2020_04_23_16_33.jpg', 0, '2020-04-23 16:30:39', '2020-04-23 16:30:39'),
(11, 'Дашдэндэв', 'Ерөөлт', 'yeruult517@gmail.com', 'УХ96051756', 'БЗД 25 хороо 57 байр 23 тоот', 94696819, 'm', 3, 1, '2020_04_23_16_03.jpg', 0, '2020-04-23 16:36:00', '2020-04-23 16:36:00'),
(12, 'Пүрэвдорж', 'Түмэннасан', 'Ptumennasan@yahoo.com', 'ОН96082713', 'БЗД 17 хороо 15-462 тоот', 80472748, 'm', 3, 1, '2020_04_23_16_58.jpg', 0, '2020-04-23 16:48:23', '2020-04-23 16:48:23'),
(13, 'Ганзориг', 'Ням-Очир', 'G.nyamaa 2010@gmail.com', 'ДЮ97072010', 'БЗД 27 хороо 1-733 тоот', 99758347, 'm', 3, 1, '2020_04_23_16_31.jpg', 0, '2020-04-23 16:52:10', '2020-04-23 16:52:10'),
(14, 'Унаат', 'Нурбек', 'gt_nurka@yahoo.com', 'МТ95030914', 'СХД 1 хороо 89-14', 89190529, 'm', 3, 1, '2020_04_23_16_16.jpg', 0, '2020-04-23 16:56:24', '2020-04-23 16:56:24'),
(15, 'Бэгзсүрэн', 'Сүхбаатар', 'sukhbaatar itgel@yahoo.com', 'ЧБ69042073', 'СХД 28 хороо Сансар 4-17 тоот', 99782826, 'm', 3, 1, '2020_04_23_16_29.jpg', 0, '2020-04-23 16:59:46', '2020-04-23 16:59:46'),
(16, 'Цэвээн', 'Сүхболд', 'so_suhee@naver.com', 'ОР86043018', 'БЗД 4 хороо 64-11 тоот', 96363633, 'm', 3, 1, '2020_04_23_16_53.jpg', 0, '2020-04-23 17:03:24', '2020-04-23 17:03:24'),
(17, 'Энхбаяр', 'Базарсад', 'Bazar0605@gmail.com', 'ЦД83030610', 'СБД 10 хороо 7 хороолол 100 айл 4-24 тоот', 95822329, 'm', 3, 1, '2020_04_23_17_29.jpg', 0, '2020-04-23 17:05:55', '2020-04-23 17:05:55'),
(18, 'Даваасамбуу', 'Одонцэцэг', 'odontsetsegd@gmail.com', 'ХН67011209', 'Хан-Уул дүүрэг 11 хороо 7 хэсэг УА 8-9 тоот', 88063128, 'f', 3, 1, '2020_04_23_17_59.jpg', 0, '2020-04-23 17:09:29', '2020-04-23 17:09:29'),
(19, 'Булгантамир', 'Энхболд', 'өахр', '4561', 'БЗД ', 3214, 'm', 3, 1, '2020_04_23_17_35.jpg', 0, '2020-04-23 17:11:35', '2020-04-23 17:11:35'),
(20, 'хра', 'Хүрэлтогоо', 'ёмаө', '1546', 'Налайх дүүрэг', 1235, 'm', 3, 1, '2020_04_23_17_40.jpg', 0, '2020-04-23 17:13:07', '2020-04-23 17:13:07'),
(21, 'Мягмарсүрэн', 'Сундуй', 'kinto_1019@rocket mail.com', 'УХ92101936', 'ЧД 12 хороо', 96033956, 'm', 3, 1, '2020_04_23_17_12.jpg', 0, '2020-04-23 17:16:58', '2020-04-23 17:16:58'),
(22, 'Хандаа ', 'Улс-Эрдэнэ', 'handaa875@gmail.com', 'ПЮ93112618', 'СХД 19 хороо ҮЭ гудамж 8в 115 тоот', 96971413, 'm', 3, 1, '2020_04_23_17_03.jpg', 1, '2020-04-23 17:19:42', '2020-04-23 17:19:42'),
(23, 'Галаарав', 'Гүнчин-Иш', 'loyoldaichin@gmail.com', 'ХЗ87122470', 'СБД 17 хороо ЭАБ 21 тоот', 86008790, 'm', 3, 1, '2020_04_23_17_47.jpg', 0, '2020-04-23 17:26:14', '2020-04-23 17:26:14'),
(24, 'Рааш', 'Равдандаш', 'Rawdan04@gmail.com', 'ОО90032211', 'БЗД 15 хороо 13 хороолол 8а 18 тоот', 88054804, 'm', 3, 1, '2020_04_23_17_19.jpg', 0, '2020-04-23 17:29:02', '2020-04-23 17:29:02'),
(25, 'Сайнбаяр', 'Гэрэлт-Од', 'Geegii1985@gmail.com', 'ҮЕ85030811', 'БЗД 12 хороо УААС 3-33', 88951235, 'm', 3, 1, '2020_04_23_17_44.jpg', 0, '2020-04-23 17:41:31', '2020-04-23 17:41:31'),
(26, 'Сэрээтэр', 'Зоригт', 'бичээгүй байна', 'НЭ69072970', 'Төв аймаг Бүрэн сум Монгол 3-8', 88159648, 'm', 3, 1, '2020_04_23_17_40.jpg', 0, '2020-04-23 17:43:59', '2020-04-23 17:43:59'),
(27, 'Батбаяр', 'Ариунтуяа', 'ахр', 'ЕҮ98122807', 'СБД 15 хороо Дамбадаржаа 23 гудамж 9б тоот', 456, 'f', 3, 1, '2020_04_23_17_42.jpg', 0, '2020-04-23 17:48:33', '2020-04-23 17:48:33'),
(28, 'Хандаа', 'Улс-Эрдэнэ', 'handaa975@gmail.com', 'ПЮ93112618', 'СХД 19 хороо ҮЭ гудамж 8в 115 тоот', 96971413, 'm', 3, 1, '2020_04_23_17_38.jpg', 0, '2020-04-23 17:51:36', '2020-04-23 17:51:36'),
(29, 'Цэдэнсодном', 'Отгонбаяр', 'tse.alagaa08@gmail.com', 'ОЮ97081819', 'бичээгүй байна', 85195900, 'm', 6, 1, '2020_04_23_17_41.jpg', 0, '2020-04-23 17:55:38', '2020-04-23 17:55:38'),
(30, 'Саранзаяа', 'Мөнх-Оргил', 'ро', 'ШУ88050642', 'СХД 8 хороо Зүүнбаян Цагаан 2 гудамж 1-3 тоот', 45, 'm', 6, 1, '2020_04_23_17_43.jpg', 0, '2020-04-23 17:59:40', '2020-04-23 17:59:40'),
(31, 'Цогбадрах', 'А', 'ар', 'ар', 'бөх', 45, 'm', 6, 1, '2020_04_23_17_46.jpg', 0, '2020-04-23 18:00:46', '2020-04-23 18:00:46'),
(32, 'Мягмарсүрэн', 'Ганбаатар', 'ganbaatar88m@gmail.com', 'ЙГ88121615', 'ЧД 12 хороо Булгийн 21 66 тоот', 95860013, 'm', 3, 1, '2020_04_23_18_52.jpg', 0, '2020-04-23 18:03:18', '2020-04-23 18:03:18'),
(33, 'Батсүх', 'Баянмөнх', 'өхр', '154ө', 'өхө', 154, 'm', 3, 1, '2020_04_23_18_22.jpg', 0, '2020-04-23 18:04:23', '2020-04-23 18:04:23'),
(34, 'Болд', 'Сумъяа', 'Sumyasuugiis@gmail.com', 'ОЮ96021855', 'Буянт хороо 9 баг 509 тоот', 88212390, 'm', 3, 1, '2020_04_23_18_27.jpg', 0, '2020-04-23 18:07:34', '2020-04-23 18:07:34'),
(35, 'Болдбаатар', 'Өсөхбаяр', 'boldooboldoo91@yahoo.com', 'ОЮ95121918', 'Увс аймаг Улаангом 1 баг 1-24 ', 88177987, 'm', 6, 1, '2020_04_23_18_38.jpg', 0, '2020-04-23 18:11:10', '2020-04-23 18:11:10'),
(36, 'Хорхой ', 'Бадамцэцэг', 'Badmaa1972@yahoo.com', 'МЙ72040109', 'БЗД 5 хороо Монел-уул 4-95', 99797241, 'f', 3, 1, '2020_04_23_18_37.jpg', 0, '2020-04-23 18:21:53', '2020-04-23 18:21:53'),
(37, 'Бямба', 'Бат-Эрдэнэ', 'Erdene27@yahoo.com', 'КЮ78031110', 'ХУД 16 хороо Буянт-Ухаа 1-719-40 тоот', 89170287, 'm', 3, 1, '2020_04_23_18_02.jpg', 0, '2020-04-23 18:26:38', '2020-04-23 18:26:38'),
(38, 'Нямдорж', 'Буяндэлгэр', 'бичээгүй байна', 'МЗ92051817', 'БЗД 19 хороо Цайз 2а 210 тоот', 98183927, 'm', 3, 1, '2020_04_23_18_43.jpg', 0, '2020-04-23 18:30:37', '2020-04-23 18:30:37'),
(39, 'Батцоож', 'Батзаяа', 'zzaya0981@gmail.com', 'ЗИ92091311', 'бичээгүй байна', 89535255, 'm', 3, 1, '2020_04_23_18_42.jpg', 0, '2020-04-23 18:34:36', '2020-04-23 18:34:36'),
(40, 'Ганболд', 'Байгалмаа', 'бичээгүй байна', 'ЧЛ68012461', 'ЧД 17 хороо Сурагчийн 58-682 тоот', 88482468, 'f', 3, 1, '2020_04_23_18_42.jpg', 0, '2020-04-23 18:37:56', '2020-04-23 18:37:56'),
(41, 'Энхтайван', 'Мөнхцэцэг', 'бичээгүй байна', 'ХЖ82121008', 'ЧД 15 хороо Жаргалант 2-0048', 88272074, 'f', 3, 1, '2020_04_23_18_03.jpg', 0, '2020-04-23 18:40:55', '2020-04-23 18:40:55'),
(42, 'Тойсмаа', 'Сандаг', 'бичээгүй байна', 'МП56070192', 'БЗД 22 хороо 3/4 8-163', 96053936, 'm', 3, 1, '2020_04_23_18_05.jpg', 0, '2020-04-23 18:44:31', '2020-04-23 18:44:31'),
(43, 'Агваан', 'Гэрэлмаа', 'gerelmaa@gmail.com', 'КЮ67012809', 'ЧД 5 хороо 6-29 ', 91907878, 'f', 3, 1, '2020_04_23_18_36.jpg', 0, '2020-04-23 18:46:53', '2020-04-23 18:46:53'),
(44, 'Оюунчимэг', 'Хулан', 'бичээгүй байна', 'УЗ94111389', 'СХД 31 хороо Хархорин 8 гудамж 280 тоот', 89946119, 'f', 3, 1, '2020_04_23_18_10.jpg', 0, '2020-04-23 18:49:55', '2020-04-23 18:49:55'),
(45, 'Доржготов', 'Баярсүрэн', 'бичээгүй байна', 'СЭ86040265', 'Хэнтий аймаг Хэрлэн 1 баг Хэрлэн хийд 17 гудамж 08 тоот ', 95892954, 'f', 4, 1, '2020_04_23_18_18.jpg', 0, '2020-04-23 18:54:00', '2020-04-23 18:54:00'),
(46, 'Нэргүй', 'Ууганбаяр', 'Uugaanergui@gmail.com', 'ПЮ89073076', 'БЗД 24 хороо ЦХ 1-7 ', 99907895, 'm', 4, 1, '2020_04_23_18_47.jpg', 0, '2020-04-23 19:02:30', '2020-04-23 19:02:30'),
(47, 'Отгонбаяр', 'Төгсжаргал', 'otgonbayrt2@gmail.com', 'ОЮ94121610', 'Увс Улаангом 7 баг 5-9 тоот', 89143927, 'm', 4, 1, '2020_04_23_19_37.jpg', 0, '2020-04-23 19:07:33', '2020-04-23 19:07:33'),
(48, 'Гомбосугир', 'Мөнхжаргал', 'mmunklee@gmail.com', 'КЮ86070866', 'БЗД 15 хороо 46-30 тоот', 88703688, 'f', 4, 1, '2020_04_23_19_38.jpg', 0, '2020-04-23 19:10:16', '2020-04-23 19:10:16'),
(49, 'Балдорж', 'Баярбаатар', 'бичээгүй байна', 'ОЮ94020930', 'Увс аймаг Улаангом сум 9 баг 10-18 тоот', 96222178, 'm', 4, 1, '2020_04_23_19_21.jpg', 0, '2020-04-23 19:15:07', '2020-04-23 19:15:07'),
(50, 'Оюун', 'Батмөнх', 'jacobmunhuu247@gmail.com', 'ЦД82022672', 'бичээгүй байна', 98892224, 'm', 4, 1, '2020_04_23_19_12.jpg', 0, '2020-04-23 19:21:49', '2020-04-23 19:21:49'),
(51, 'Отгон ', 'Намжилмаа', 'd.naagii@yahoo.com', 'НЭ91052525', 'ЧД 10 хороо Чингэлтэйн 11-387 тоот', 91250575, 'f', 4, 1, '2020_04_23_19_54.jpg', 0, '2020-04-23 19:24:50', '2020-04-23 19:24:50'),
(52, 'Навыкан', 'Ардагуль', 'nomin05@yahoo.com', 'НУ88050507', 'Налайх дүүрэг Өлгий 2-8 тоот', 88929803, 'f', 6, 1, '2020_04_23_19_57.jpg', 0, '2020-04-23 19:29:11', '2020-04-23 19:29:11'),
(53, 'Шашнай ', 'Энхтуяа', 'бичээгүй байна', 'ИЭ63041961', 'СХД 25 хороо Хайрхан 13-64 тоот', 89259503, 'f', 6, 1, '2020_04_23_19_26.jpg', 0, '2020-04-23 19:31:20', '2020-04-23 19:31:20'),
(54, 'Нямдорж ', 'Отгонжаргал', 'Jagaa_0077@yahoo.com', 'УС85110801', 'СБД 10 хороо Цагдаагийн гудамж 41а-1', 96690077, 'f', 4, 1, '2020_04_23_19_26.jpg', 0, '2020-04-23 19:34:42', '2020-04-23 19:34:42'),
(55, 'Дуламсүрэн', 'Жавзандулам', 'Chonsa_j12@yahoo.com', 'УМ89122226', 'СХД 7 хороо БХ 8-15 тоот', 91268671, 'f', 4, 1, '2020_04_23_19_46.jpg', 0, '2020-04-23 19:40:20', '2020-04-23 19:40:20'),
(56, 'Ламдорж', 'Тогмидшийрэв', 'бичээгүй байна', 'ЙЮ51010530', 'бичээгүй байна', 88130384, 'm', 4, 1, '2020_04_23_19_31.jpg', 0, '2020-04-23 19:46:52', '2020-04-23 19:46:52'),
(57, 'Далхжав', 'Тунгалаг', 'tungaa_288@yahoo.com', 'УП88071006', 'БЗД 27 хороо Дунд Дарь Эх 35-18 23 тоот', 88830520, 'f', 4, 1, '2020_04_23_19_58.jpg', 0, '2020-04-23 19:50:04', '2020-04-23 19:50:04'),
(58, 'Бямба', 'Одонтуяа', 'бичээгүй байна', 'ОЮ93051906', 'Увс аймаг Улаангом сум Чандмань 11 баг 5-18 тоот ', 88458452, 'f', 4, 1, '2020_04_23_19_08.jpg', 0, '2020-04-23 19:56:10', '2020-04-23 19:56:10'),
(59, 'Батбаяр ', 'Энхцэцэг', 'delhiin hyzgaar@yahoo.com', 'ЙЙ85072609', 'ХУД 9 хороо 23-956', 88965458, 'f', 4, 1, '2020_04_23_19_19.jpg', 0, '2020-04-23 19:58:52', '2020-04-23 19:58:52'),
(60, 'Алтангэрэл', 'Уянга', 'бичээгүй байна', 'ОЮ92082923', 'Увс Улаангом Барилгын хороо 5 баг 8-30', 95687655, 'f', 4, 1, '2020_04_23_19_56.jpg', 0, '2020-04-23 20:05:37', '2020-04-23 20:05:37'),
(61, 'Рэнцэнбадам', 'Оюунгэрэл', 'oyunaa0625@yahoo.com', 'УЕ74062504', 'БЗД Баянзүрх хотхон 1-20', 99166752, 'f', 4, 1, '2020_04_23_20_46.jpg', 0, '2020-04-23 20:10:50', '2020-04-23 20:10:50'),
(62, 'Тоня', 'Түвшинбаяр', 'бичээгүй байна', '92011616', 'Увс Улаангом 6 баг 16-16', 91881164, 'm', 4, 1, '2020_04_24_12_10.jpg', 0, '2020-04-24 12:28:04', '2020-04-24 12:28:04'),
(63, 'Жавзандулам ', 'Хэрлэнчимэг', 'hegii_18@yahoo.com', 'УШ90031886', 'СБД 1 хороо Нарны зам гудамж 60 байр 257 тоот', 96230177, 'f', 4, 1, '2020_04_24_12_12.jpg', 0, '2020-04-24 12:30:36', '2020-04-24 12:30:36'),
(64, 'Батхуяг', 'Мөнхчулуун', 'kayon_0370@yahoo.com', 'СШ92112005', 'ЧД 12 хороо Булаг 1-43 тоот', 88477554, 'f', 4, 1, '2020_04_24_12_53.jpg', 0, '2020-04-24 12:42:17', '2020-04-24 12:42:17'),
(65, 'Баяндалай', 'Баатарсүх', 'бичээгүй байна', 'ОЮ95120738', 'Увс Улаангом сум 1 баг 24-1', 94833284, 'm', 4, 1, '2020_04_24_12_23.jpg', 0, '2020-04-24 13:01:19', '2020-04-24 13:01:19'),
(66, 'Сэдээ', 'Энхсанаа', 'sanaa55@yahoo.com', 'ВЭ67091061', 'ХУД 4 хороо Вива сити 55-41 тоот', 93012118, 'f', 2, 1, '2020_04_24_13_28.jpg', 0, '2020-04-24 13:08:27', '2020-04-24 13:08:27'),
(67, 'Цэнгэл ', 'Соёлмаа', 'Soyolo_sfc@yahoo.com', 'ЕЗ89052904', 'СБД 10 хороо 32б 1 тоот', 91340529, 'f', 2, 1, '2020_04_24_13_35.jpg', 0, '2020-04-24 13:35:15', '2020-04-24 13:35:15'),
(68, 'Жаргалсайхан', 'Цэцэгсайхан', 'tsetse_0123@yahoo.com', 'ФМ89012367', 'Орхон аймаг Оюут баг 2-1б 00тоот', 95555946, 'f', 4, 1, '2020_04_24_13_24.jpg', 0, '2020-04-24 13:38:43', '2020-04-24 13:38:43'),
(69, 'Алтанбаатар', 'Тэмүүжин', 'бичээгүй байна', 'ОЮ93121917', 'Увс Улаангом Сургуулийн хороо 12-17', 89227312, 'm', 4, 1, '2020_04_24_13_50.jpg', 0, '2020-04-24 13:42:32', '2020-04-24 13:42:32'),
(70, 'Мядаг', 'Отгонтунгалаг', 'бичээгүй байна', 'МО75101303', 'СХД 9 хороо 1-19', 88731028, 'f', 4, 1, '2020_04_24_13_37.jpg', 0, '2020-04-24 13:46:29', '2020-04-24 13:46:29'),
(71, 'Цагаанхүү', 'Будцэрэн', 'Happyksl1004@naver.com', 'КМ73021465', 'ЧД 2 хороо 20-р 40 мянгат 21-7', 99019325, 'f', 2, 1, '2020_04_24_13_34.jpg', 0, '2020-04-24 15:36:53', '2020-04-24 15:36:53'),
(72, 'Анжаадоотов ', 'Ганцэцэг', 'cross_8706@yahoo.com', 'КД87063004', 'Өмнөговь аймаг Мандал-Овоо сум ', 88424449, 'f', 4, 1, '2020_04_24_15_59.jpg', 0, '2020-04-24 15:40:23', '2020-04-24 15:40:23'),
(73, 'Банзрагч', 'Оюунчимэг', 'ouyna@yahoo.com', 'ЦЖ57092862', 'БГД 4 хороолол Саруул дэнж хайрхан 40-36', 91017000, 'f', 1, 1, '2020_04_24_15_29.jpg', 0, '2020-04-24 16:10:14', '2020-04-24 16:10:14'),
(74, 'Думаа', 'Төмөртогтох', 'бичээгүй байна', 'ИЭ67081235', 'ХУД 9 хороо 23 гудамж 938 тоот', 91230883, 'm', 4, 1, '2020_04_24_16_23.jpg', 0, '2020-04-24 16:37:32', '2020-04-24 16:37:32'),
(75, 'Баатар ', 'Болдхүү', '016_Boldoo@yahoo.com', 'ЕЮ90072510', 'Дорноговь Сайншанд Маань зав 3 баг 7-18б', 91818437, 'm', 2, 1, '2020_04_24_16_36.jpg', 0, '2020-04-24 16:42:15', '2020-04-24 16:42:15'),
(76, 'Ганболд ', 'Сүндэръяа', 'Hasu_hasu@yahoo.com', 'МО93062900', 'ЧД 7 хороо ХГ 12-190 тоот', 88930667, 'f', 4, 1, '2020_04_24_16_20.jpg', 0, '2020-04-24 16:54:31', '2020-04-24 16:54:31'),
(77, 'Гунгаажанцан', 'Наранбаатар', 'naraa_0316#yahoo.com', 'УУ89101111', 'СХД 4 хороо Их наран 11-4', 96223316, 'm', 2, 1, '2020_04_24_16_36.jpg', 0, '2020-04-24 17:01:47', '2020-04-24 17:01:47'),
(78, 'Бат-Эрдэнэ', 'Түвшинжаргал', 'Tuwshin_0610@yahoo.com', 'УК91061059', 'СХД 10 хороо ЗБУ 11-5 тоот', 88197532, 'm', 4, 1, '2020_04_24_17_51.jpg', 0, '2020-04-24 17:11:18', '2020-04-24 17:11:18'),
(79, 'Дашзэвэг', 'Батбаяр', 'rdbaagii@yahoo.com', 'ПЮ72072912', 'СХД 2 хороо Орбит 6-85 тоот', 96507677, 'm', 4, 1, '2020_04_24_17_23.jpg', 0, '2020-04-24 17:13:22', '2020-04-24 17:13:22'),
(80, 'Гэндэн ', 'Уламбаяр', 'Ulamaa_28@yahoo.com', 'ОВ86032807', 'БЗД', 99624233, 'f', 4, 1, '2020_04_24_17_27.jpg', 0, '2020-04-24 17:17:22', '2020-04-24 17:17:22'),
(81, 'Бямбаа', 'Батцэцэг', 'Battsetseg_999@yahoo.com', 'ХН81020603', 'БЗД 8 хороо УХ 5-149а', 95205408, 'f', 2, 1, '2020_04_24_17_29.jpg', 0, '2020-04-24 17:23:53', '2020-04-24 17:23:53'),
(82, 'Бямбаа', 'Батцэцэг', 'Battsetseg_999@yahoo.com', 'ХН81020603', 'БЗД 8 хороо УХ 5-149а', 95205408, 'f', 2, 1, '2020_04_24_17_29.jpg', 0, '2020-04-24 17:32:46', '2020-04-24 17:32:46'),
(83, 'Агваан', 'Наранцэцэг', 'бичээгүй байна', 'КА58021006', 'Өмнөговь аймаг Баяндалай сум ', 91008435, 'f', 4, 1, '2020_04_24_17_52.jpg', 0, '2020-04-24 17:35:05', '2020-04-24 17:35:05'),
(84, 'Эрдэнэбулган', 'Цэрэнпагма', 'бичээгүй байна', 'ЗФ90101301', 'ХУД Бурхант 17-322 тоот', 95811737, 'f', 4, 1, '2020_04_24_17_09.jpg', 0, '2020-04-24 17:39:40', '2020-04-24 17:39:40'),
(85, 'Чимэд ', 'Гантөмөр', 'бичээгүй байна', 'ЕП61052719', 'ХУД Нисух АТБ 4-19 тоот', 88183765, 'm', 4, 1, '2020_04_24_17_44.jpg', 0, '2020-04-24 17:42:37', '2020-04-24 17:42:37'),
(86, 'Эрдэнэбилэг', 'Молормаа', 'Erdenebileg_Molormaa@yahoo.com', 'ЧЕ71081969', 'БЗД 3 хороо 12 хороолол 44 байр 42 тоот', 91644219, 'f', 2, 1, '2020_04_24_17_40.jpg', 0, '2020-04-24 17:48:05', '2020-04-24 17:48:05'),
(87, 'Эрдэнэбилэг', 'Биндэръяа', 'Erdenebileg_Binderya@yahoo.com', 'ЧЕ73030816', 'БЗД 4 хороо ', 96686563, 'f', 4, 1, '2020_04_24_17_13.jpg', 0, '2020-04-24 17:50:30', '2020-04-24 17:50:30'),
(88, 'Нэргүй ', 'Шүрэнцэцэг', 'бичээгүй байна', 'ТИ83122565', 'БЗД 24 хороо Цахлай 13-6 тоот', 91195311, 'f', 4, 1, '2020_04_24_18_59.jpg', 0, '2020-04-24 18:48:50', '2020-04-24 18:48:50'),
(89, 'Цолмон', 'Солонго', 'solongo_Jesus@yahoo.com', 'ЧВ84022001', 'СХД 18 хороо 6 байр 3-45 тоот', 91215534, 'f', 4, 1, '2020_04_24_18_54.jpg', 0, '2020-04-24 18:53:30', '2020-04-24 18:53:30'),
(90, 'Бат-Очир', 'Очирбаяр', 'b_ochirbayar_2@yahoo.com', 'ФА85120333', 'ЧД 11 хороо Нуурын 11-418', 96229977, 'm', 4, 1, '2020_04_24_18_35.jpg', 0, '2020-04-24 19:01:38', '2020-04-24 19:01:38'),
(91, 'Нямаа', 'Хосбаяр', 'бичээгүй байна', 'ХИ80070275', 'БЗД 10 хороо 3 хэсэг 681 тоот', 88128078, 'm', 4, 1, '2020_04_24_19_44.jpg', 0, '2020-04-24 19:09:24', '2020-04-24 19:09:24'),
(92, 'Вандан', 'Эрдэнэхуяг', 'бичээгүй байна', 'ЧЕ69111911', 'СХД 18 хороо 2 байр 80 тоот', 88126182, 'm', 4, 1, '2020_04_24_19_28.jpg', 0, '2020-04-24 19:11:57', '2020-04-24 19:11:57'),
(93, 'Ложоо', 'Гэлэгжамц', 'бичээгүй байна', 'ҮД72082673', 'ЧД 13 хороо Сургуулийн 36-718', 99234289, 'm', 4, 1, '2020_04_24_19_02.jpg', 0, '2020-04-24 19:14:53', '2020-04-24 19:14:53'),
(94, 'Лхамсүрэн', 'Энхсаруул', 'бичээгүй байна', 'ЛЮ72031560', 'Сүхбаатар аймаг Баруун-Урт сум 2 баг 5-9', 99882417, 'f', 4, 1, '2020_04_24_19_03.jpg', 0, '2020-04-24 19:17:08', '2020-04-24 19:17:08'),
(95, 'Бямбажав ', 'Цогтбаатар', 'бичээгүй байна', 'УС73021410', 'СБД 12 хороо Рашаант 11-641а', 99245755, 'm', 4, 1, '2020_04_24_19_12.jpg', 0, '2020-04-24 19:28:07', '2020-04-24 19:28:07'),
(96, 'Өлзийгэрэл', 'Болормаа', 'бичээгүй байна', 'ОЭ91080328', 'Увс Улаангом Сургуулийн хороо 5-26', 99454325, 'f', 4, 1, '2020_04_27_14_45.jpg', 0, '2020-04-27 14:36:45', '2020-04-27 14:36:45'),
(97, 'Пүрэв', 'Саранцэцэг', 'бичээгүй байна', 'ХГ62022361', 'СХД 20 хороо ХЦХ 6-3', 91174041, 'f', 4, 1, '2020_04_27_14_54.jpg', 0, '2020-04-27 14:39:21', '2020-04-27 14:39:21'),
(98, 'Хуриманхан', 'Нурсаулье', 'soul91_mn@yahoo.com', 'НБ91081009', 'Төв аймаг Батсүмбэр сум 1 баг 8-81 тоот', 88825065, 'f', 4, 1, '2020_04_27_14_27.jpg', 0, '2020-04-27 14:43:27', '2020-04-27 14:43:27'),
(99, 'Энхтуул ', 'Оюунтуяа', 'бичээгүй', 'НЮ87060826', 'Төв аймаг Зуунмод Дэнж 6-3 тоот', 88663271, 'f', 4, 5, '2020_04_27_14_39.jpg', 0, '2020-04-27 14:47:38', '2020-04-27 14:47:38'),
(100, 'Шонхор', 'Наранчимэг', 'бичээгүй', 'ШЕ72063004', 'ХУД 9 хороо Буянт-Ухаа 7-281 ', 95170833, 'f', 4, 1, '2020_04_27_15_09.jpg', 0, '2020-04-27 15:50:30', '2020-04-27 15:50:30'),
(101, 'Жамсран', 'Нарантуяа', 'бичээгүй ', 'НЮ56030401', 'БЗД 24 хороо 15-1', 96001440, 'f', 4, 1, '2020_04_27_16_09.jpg', 0, '2020-04-27 16:10:47', '2020-04-27 16:10:47'),
(102, 'Гомборавдан', 'Ариунаа', 'Ariuna_du@yahoo.com', 'УВ65091801', 'Дундговь аймаг Сайнцагаан сумАйраг 8-19 тоот', 88599010, 'f', 4, 1, '2020_04_27_16_54.jpg', 0, '2020-04-27 16:43:06', '2020-04-27 16:43:06'),
(103, 'Ролгоржав', 'Нямхишиг', 'бичээгүй', 'ЧС62072201', 'СХД 6 хороо Тоосгоны 80-2 тоот', 91194262, 'f', 4, 1, '2020_04_27_16_10.jpg', 0, '2020-04-27 16:48:37', '2020-04-27 16:48:37'),
(104, 'Адъяа', 'Дорж', 'бичээгүй', 'УД84070313', 'БЗД 20 хороо Баяндөхөм 6-17 тоот', 23, 'm', 4, 1, '2020_04_27_16_50.jpg', 0, '2020-04-27 16:51:32', '2020-04-27 16:51:32'),
(105, 'Амар ', 'Алтантөгс', 'kinsei45@yahoo.com', 'ЧБ81101710', 'СХД 8 хороо ЗБЦ 3-99 тоот', 91195919, 'm', 2, 1, '2020_04_27_16_36.jpg', 0, '2020-04-27 16:53:55', '2020-04-27 16:53:55'),
(106, 'Цэрэннадмид', 'Мөнхжаргал', 'бичээгүй', 'ЧБ82050536', 'СХД 8 хороо ЗБУ 12-14 ', 91151939, 'm', 4, 1, '2020_04_27_16_59.jpg', 0, '2020-04-27 16:58:27', '2020-04-27 16:58:27'),
(107, 'Нямдорж', 'Бямбасүрэн', 'бичээгүй', 'НО71072974', 'СХД 8 хороо ЗБЦ 10-7 тоот', 91684846, 'm', 4, 1, '2020_04_27_16_33.jpg', 0, '2020-04-27 17:08:37', '2020-04-27 17:08:37'),
(108, 'Цэрэндаш', 'Эхнбаатар', 'shinerka@hotmail.com', 'ЙЮ81111477', 'СБД 18 хороо 247 тоот', 99877211, 'm', 4, 1, '2020_04_27_17_40.jpg', 0, '2020-04-27 17:12:08', '2020-04-27 17:12:08'),
(109, 'Индрээ', 'Оюунгэрэл', 'Oyunaa_64@chingis.com', 'ЧМ64030802', 'БГД 15 хороо 26-38', 99839103, 'f', 4, 1, '2020_04_27_17_16.jpg', 0, '2020-04-27 17:17:09', '2020-04-27 17:17:09'),
(110, 'Бадарч ', 'Баярмаа', 'zaluu_nas88@yahoo.com', 'УП88120163', 'СХД 6 хороо Тоосгоны 59-7 тоот', 99782216, 'f', 4, 1, '2020_04_27_17_13.jpg', 0, '2020-04-27 17:26:36', '2020-04-27 17:26:36'),
(111, 'Мөнх-Эрдэнэ ', 'Хадбаатар', 'бичээгүй', '1994,02,11', 'Өмнөговь аймаг Баян-Овоо сум', 21, 'm', 4, 1, '2020_04_27_17_41.jpg', 0, '2020-04-27 17:30:25', '2020-04-27 17:30:25'),
(112, 'Зандраа', 'Бямбасүрэн', 'бичээгүй', '1959,11,16', 'Дундговь аймаг Хосбагана сум', 21, 'f', 4, 1, '2020_04_27_17_32.jpg', 0, '2020-04-27 17:32:52', '2020-04-27 17:32:52'),
(113, 'Ашиг', 'Баттунгалаг', 'бичээгүй', '1972,09,07', 'Өмнөговь аймаг Цогт-Цэций сум', 21, 'f', 4, 1, '2020_04_27_17_56.jpg', 0, '2020-04-27 17:34:52', '2020-04-27 17:34:52'),
(114, 'Цэрмаа', 'Долгормаа', 'бичээгүй', '1973,01,29', 'Өмнөговь аймаг Сэврэй сум', 21, 'f', 4, 1, '2020_04_27_17_56.jpg', 0, '2020-04-27 17:37:19', '2020-04-27 17:37:19'),
(115, 'Ургамалцэцэг', 'Золжаргал', 'бичээгүй', '1993,08,10', 'Өмнөговь аймаг Гурвантэс сум', 21, 'f', 4, 1, '2020_04_27_17_23.jpg', 0, '2020-04-27 17:38:48', '2020-04-27 17:38:48'),
(116, 'Агваан', 'Насанжаргал', 'бичээгүй', '1962,03,08', 'Өмнөговь аймаг Баяндалай сум', 21, 'f', 4, 1, '2020_04_27_17_52.jpg', 0, '2020-04-27 17:40:13', '2020-04-27 17:40:13'),
(117, 'Юндэн', 'Оюун', 'бичээгүй', '1956,05,20', 'Өмнөговь аймаг Мандал-Овоо сум', 21, 'f', 4, 1, '2020_04_27_17_16.jpg', 0, '2020-04-27 17:41:44', '2020-04-27 17:41:44'),
(118, 'Оюунчимэг', 'Уртнасан', 'бичээгүй', '1987,03,24', 'Дундговь аймаг Луус сум', 21, 'f', 4, 1, '2020_04_27_17_48.jpg', 0, '2020-04-27 17:43:03', '2020-04-27 17:43:03'),
(119, 'Пүрэв', 'Цэцгээ', 'бичээгүй', '1958,04,20', 'Өмнөговь аймаг Баяндалай сум', 21, 'f', 4, 1, '2020_04_27_17_08.jpg', 0, '2020-04-27 17:44:52', '2020-04-27 17:44:52'),
(120, 'Мөнх-Эрдэнэ', 'Ууганцэцэг', 'бичээгүй', '*', 'Өмнөговь аймаг ', 0, 'f', 4, 1, '2020_04_27_17_57.jpg', 0, '2020-04-27 17:49:15', '2020-04-27 17:49:15'),
(121, 'Шар-Өвгөн', 'Цэцэгжаргал', 'бичээгүй', '21', 'Өмнөговь аймаг', 21, 'f', 4, 1, '2020_04_27_17_19.jpg', 0, '2020-04-27 18:01:56', '2020-04-27 18:01:56'),
(122, 'Дамбадаржаа', 'Алтансаа', '21', '21', 'Өмнөговь аймаг', 21, 'f', 4, 1, '2020_04_27_18_04.jpg', 0, '2020-04-27 18:04:38', '2020-04-27 18:04:38'),
(123, 'Нэрхүү', 'Алтанцэцэг', '21', '21', 'Өмнөговь аймаг', 21, 'f', 4, 1, '2020_04_27_18_43.jpg', 0, '2020-04-27 18:06:26', '2020-04-27 18:06:26'),
(124, 'Шархүү', 'Батбаяр', '21', '21', 'Өмнөговь аймаг', 21, 'm', 4, 1, '2020_04_27_18_30.jpg', 0, '2020-04-27 18:07:40', '2020-04-27 18:07:40'),
(125, 'Банди', 'Буд', '21', '21', 'Өмнөговь аймаг', 21, 'f', 4, 1, '2020_04_27_18_48.jpg', 0, '2020-04-27 18:08:45', '2020-04-27 18:08:45'),
(126, 'Шар', 'Түмэнжаргал', '21', '*', 'Өмнөговь аймаг', 21, 'f', 4, 1, '2020_04_27_18_50.jpg', 0, '2020-04-27 18:11:14', '2020-04-27 18:11:14'),
(127, 'Шар', 'Түмэнжаргал', '*', '*', 'Өмнөговь аймаг', 0, 'f', 4, 1, '2020_04_27_18_50.jpg', 0, '2020-04-27 18:11:34', '2020-04-27 18:11:34'),
(128, 'Нэргүй', 'Дүүдээн', '*', '*', 'Өмнөговь аймаг', 0, 'f', 4, 1, '2020_04_27_18_49.jpg', 0, '2020-04-27 18:13:32', '2020-04-27 18:13:32'),
(129, 'Содном', 'Хишигхүү', '*', '*', 'Өмнөговь аймаг', 0, 'f', 4, 1, '2020_04_27_18_11.jpg', 0, '2020-04-27 18:18:17', '2020-04-27 18:18:17'),
(130, 'Батцэнгэл', 'Мөнхжин', '*', 'НЗ88062171', 'БЗД 19 хороо Цайз \"Жинхэнэ гэрэл\" цуглаан', 91886880, 'm', 4, 1, '2020_04_27_18_21.jpg', 0, '2020-04-27 18:22:26', '2020-04-27 18:22:26'),
(131, 'Цэдэнсодном', 'Уранцэцэг', '*', 'ЗЕ67083102', 'БЗД 10 хороо 3 хэсэг 594 тоот', 99763630, 'f', 4, 1, '2020_04_27_18_31.jpg', 0, '2020-04-27 18:32:58', '2020-04-27 18:32:58'),
(132, 'Цэрэнпил', 'Мөнхбат', '*', 'НЮ77072010', 'Төв аймаг Зуунмод Номт 1 баг Энхжин хотхон 15 байр', 91897707, 'm', 4, 1, '2020_04_27_18_05.jpg', 0, '2020-04-27 18:35:22', '2020-04-27 18:35:22'),
(133, 'Батмөнх', 'Саранчимэг', '*', 'ХД86031061', 'ЧД 17 хороо Сурагчийн 29-292', 99710317, 'f', 4, 1, '2020_04_27_18_28.jpg', 0, '2020-04-27 18:45:04', '2020-04-27 18:45:04'),
(134, 'Шондүг', 'нансалмаа', 'mgl.edelwess@yahoo.com', 'ЧЙ71123160', 'БЗД 5 хороо 9б байр 24 тоот', 88087034, 'f', 4, 1, '2020_04_27_18_08.jpg', 0, '2020-04-27 18:47:39', '2020-04-27 18:47:39'),
(135, 'Ганбаатар', 'Уугантуяа', 'notworry_5@yahoo.com', 'СЮ87121465', 'БЗД 17 хороо ЭТ 34-906', 88830284, 'f', 4, 1, '2020_04_27_18_43.jpg', 0, '2020-04-27 18:59:53', '2020-04-27 18:59:53'),
(136, 'Дашдондог', 'Одончимэг', '*', 'НЭ89120100', 'Төв аймаг Баянхошуу 3 баг 23-2 тоот', 88276766, 'f', 4, 1, '2020_04_27_18_58.jpg', 0, '2020-04-27 19:06:04', '2020-04-27 19:06:04'),
(137, 'Энхжаргал ', 'Мөнхбат', '*', 'НЭ87072813', 'Төв аймаг Зуунмод 4 баг 9-56', 88667545, 'm', 4, 1, '2020_04_27_19_08.jpg', 0, '2020-04-27 19:09:35', '2020-04-27 19:09:35'),
(138, 'Батмөнх', 'Цогбаяр', 'cheoke@yahoo.com', '152554198809284511', 'Өвөрмонгол Шилийнгол аймаг Баруун сумын хошуу Сайхан өлзий ', 89677067, 'm', 4, 1, '2020_04_27_19_41.jpg', 0, '2020-04-27 19:14:54', '2020-04-27 19:14:54'),
(139, 'Буянжаргал', 'Түвшинжаргал', '*', 'ОЮ92080416', 'Увс Улаангом Улиасны хэв 6 баг 16-18', 95881019, 'm', 4, 1, '2020_04_27_19_58.jpg', 0, '2020-04-27 19:22:34', '2020-04-27 19:22:34'),
(140, 'Шагдар', 'Амарбаатар', '*', 'ТЕ75123010', 'Дорноговь аймаг Сайншанд сум Найрамдлын 145-4', 91895945, 'm', 4, 1, '2020_04_27_19_37.jpg', 0, '2020-04-27 19:31:35', '2020-04-27 19:31:35'),
(141, 'Самбуу', 'Мөнхзул', '*', 'ПВ90021309', 'Налайх дүүрэг 3 хороо Замчны 10-71', 99626684, 'f', 4, 1, '2020_04_27_19_40.jpg', 0, '2020-04-27 19:35:39', '2020-04-27 19:35:39'),
(142, 'Батбаяр', 'Мөнхсайхан', '*', 'ЙЙ89101500', 'ХУД БУ 23-956 тоот', 99716937, 'f', 4, 1, '2020_04_29_10_02.jpg', 0, '2020-04-29 11:01:32', '2020-04-29 11:01:32'),
(143, 'Хүрэлбаатар ', 'Алтанчимэг', '*', 'УЕ86102006', 'Налайх дүүрэг 2 хороо 3-33 тоот', 88484846, 'f', 4, 1, '2020_04_29_11_38.jpg', 0, '2020-04-29 11:08:11', '2020-04-29 11:08:11'),
(144, 'Эрдэнэчимэг', 'Буд', '*', 'ЧГ68121209', 'СХД 3 хороо Баганаран 55-4-4', 91178773, 'f', 6, 1, '2020_04_29_11_20.jpg', 0, '2020-04-29 11:16:31', '2020-04-29 11:16:31'),
(145, 'Балдандорж', 'Дашдамба', '*', 'ШЕ75061711', 'ХУД БУ 22-841', 91622949, 'm', 4, 1, '2020_04_29_11_35.jpg', 0, '2020-04-29 11:25:35', '2020-04-29 11:25:35'),
(146, 'Алтан-Очир', 'Мөнхзориг', '*', 'УЕ89021619', 'Налайх дүүрэг 2 хороо Бадрал', 12, 'm', 4, 1, '2020_04_29_11_39.jpg', 0, '2020-04-29 11:28:00', '2020-04-29 11:28:00'),
(147, 'Рагчаа', 'Эрдэнэцэцэг', '*', '70013168', 'Эрдэнэт хот', 99357816, 'f', 4, 1, '2020_04_29_11_04.jpg', 0, '2020-04-29 11:31:44', '2020-04-29 11:31:44'),
(148, 'Дашням', 'Оюунсүрэн', '*', 'УП88112406', 'БГД 9 хороо Горькийн 15-342 тоот', 99880994, 'f', 4, 1, '2020_04_29_11_49.jpg', 0, '2020-04-29 11:34:07', '2020-04-29 11:34:07'),
(149, 'Төмөртогтох', 'Дашзэвэг', '*', 'ЙЮ94102219', 'ХУД Буян-Ухаа 23-928', 88272301, 'm', 4, 1, '2020_04_29_11_12.jpg', 0, '2020-04-29 11:37:06', '2020-04-29 11:37:06'),
(150, 'Дээхүү', 'Баяржавхлан', '*', 'УП78101118', 'БГД 10 хороолол 8-17 тоот', 91267874, 'm', 4, 1, '2020_04_29_11_09.jpg', 0, '2020-04-29 11:38:52', '2020-04-29 11:38:52'),
(151, 'Жанчив', 'Баасанцэцэг', '*', 'РЗ80111446', 'БЗД 25 хороо 63-2', 99133547, 'f', 4, 1, '2020_04_29_11_07.jpg', 0, '2020-04-29 11:42:30', '2020-04-29 11:42:30'),
(152, 'Гоорой ', 'Оюунчимэг', '*', 'ЦД74091208', 'БЗД 10 хороо ТЗ 4 байр 11 тоот', 99693904, 'f', 4, 1, '2020_04_29_11_34.jpg', 0, '2020-04-29 11:45:49', '2020-04-29 11:45:49'),
(153, 'Дашдаваа', 'Бужаа', '*', 'КН56041967', 'Сэлэнгэ аймаг Сүхбаатар сум 3-4', 12, 'm', 4, 1, '2020_04_29_11_54.jpg', 0, '2020-04-29 11:49:17', '2020-04-29 11:49:17'),
(154, 'Дамдинхорлоо', 'Отгон', '*', 'ХМ83100962', 'БЗД 2 хороо БДЭ 9-183', 9168657, 'f', 4, 1, '2020_04_29_11_39.jpg', 0, '2020-04-29 11:54:22', '2020-04-29 11:54:22'),
(155, 'Цээсүрэн', 'Эрдэнэбулган', 'erbulgaa@mail.ru', 'ФА68042711', 'Эрдэнэт 6 микрорайон 14 байр 42 тоот', 31056, 'm', 4, 1, '2020_04_29_11_33.jpg', 0, '2020-04-29 11:57:04', '2020-04-29 11:57:04'),
(156, 'Нямаадорж', 'Рэнжмаа', '*', 'ЧР87083160', 'ЧД 7 хороо Хувьсгалчид Г 13-247', 91173774, 'f', 4, 1, '2020_04_29_11_08.jpg', 0, '2020-04-29 12:13:44', '2020-04-29 12:13:44'),
(157, 'Энхтайван', 'Базарханд ', 'temuuln@gmail.com', 'ЕП85051831', 'ХУД 3 хороо 20-39 тоот', 88088042, 'm', 4, 1, '2020_04_29_12_49.jpg', 0, '2020-04-29 12:16:03', '2020-04-29 12:16:03'),
(158, 'Ганболд', 'Батмягмар', 'bataa_0922@yahoo.com', 'ТК87092292', 'СБД 9 хороо Нуур 7-51', 91225048, 'm', 4, 1, '2020_04_29_12_10.jpg', 0, '2020-04-29 12:18:02', '2020-04-29 12:18:02'),
(159, 'Мягмар', 'Баттөмөр', '*', 'ОЮ89013012', 'Налайх дүүрэг 3 хороо Дэнж 14-392', 88961326, 'm', 4, 1, '2020_04_29_12_06.jpg', 0, '2020-04-29 12:23:39', '2020-04-29 12:23:39'),
(160, 'Чулуунцэцэг', 'Уранчимэг', 'esterzoloo@yahoo.com', 'УЕ78041104', 'БЗД 3 хороо 12б-25 тоот', 96049400, 'f', 4, 1, '2020_04_29_12_42.jpg', 0, '2020-04-29 12:28:05', '2020-04-29 12:28:05'),
(161, 'Жавзмаа', 'Пүрэвмаа', 'purevmaa_@yahoo.com', 'ДЗ85050408', 'СХД 6 хороо Тоосгоны 12-236', 91228859, 'f', 4, 1, '2020_04_29_12_28.jpg', 0, '2020-04-29 12:30:10', '2020-04-29 12:30:10'),
(162, 'Бадрах', 'Ширмэнбаатар', 'jub_shirmee@yahoo.com', 'ЕС91051711', 'Дорноговь аймаг Сайншанд сум 4 баг Ганзамын 130-1-1 тоот ', 91511711, 'm', 4, 1, '2020_04_29_12_14.jpg', 0, '2020-04-29 12:33:34', '2020-04-29 12:33:34'),
(163, 'Чулуунбаатар', 'Чинбаатар', '*', 'ЛЮ94032517', 'СХД 1 хороо 8-34 тоот', 88135251, 'm', 4, 1, '2020_04_29_12_42.jpg', 0, '2020-04-29 12:36:14', '2020-04-29 12:36:14'),
(164, 'Ихбаяр', 'Баярмаа', 'chunim2000@yahoo.com', 'ФВ86052503', 'СХД 13 хороо 9-2-0', 686811, 'f', 4, 1, '2020_04_29_12_59.jpg', 0, '2020-04-29 12:39:38', '2020-04-29 12:39:38'),
(165, 'х', 'Жавхлантуяа', 'б', 'б', 'б', 12, 'f', 2, 1, '2020_04_29_12_33.jpg', 0, '2020-04-29 12:44:41', '2020-04-29 12:44:41'),
(166, 'а', 'Ууганзаяа', 'м', 'м', 'м', 8, 'f', 2, 1, '2020_04_29_12_45.jpg', 0, '2020-04-29 12:45:22', '2020-04-29 12:45:22'),
(167, 'э', 'Давааням', 'э', 'н', 'БЗД', 96263927, 'm', 2, 1, '2020_04_29_12_02.jpg', 0, '2020-04-29 12:47:49', '2020-04-29 12:47:49'),
(168, 'х', 'Ганзориг', 'ү', 'ү', 'ү', 9, 'm', 2, 1, '2020_04_29_12_53.jpg', 0, '2020-04-29 12:48:29', '2020-04-29 12:48:29'),
(169, 'ш', 'Баттулга', 'о', 'о', 'о', 8, 'f', 1, 1, '2020_04_29_12_35.jpg', 0, '2020-04-29 12:49:04', '2020-04-29 12:49:04'),
(170, 'К', 'Золбоо', 'ү', 'ү', 'ү', 8, 'm', 2, 1, '2020_04_29_12_34.jpg', 0, '2020-04-29 12:50:23', '2020-04-29 12:50:23'),
(171, 'Тэмүүжин', 'К', 'р', '19570414', 'р', 2, 'm', 2, 1, '2020_05_04_13_19.jpg', 0, '2020-04-29 12:51:15', '2020-04-29 12:51:15'),
(172, 'К', 'Баярцогт', 'о', 'о', 'о', 9, 'm', 2, 1, '2020_04_29_12_19.jpg', 0, '2020-04-29 12:52:00', '2020-04-29 12:52:00'),
(173, 'м', 'Баярцогт', 'ү', 'ү', 'ү', 9, 'm', 2, 1, '2020_04_29_12_37.jpg', 1, '2020-04-29 12:55:13', '2020-04-29 12:55:13'),
(174, 'test2', 'test1', 'test', 'test', 'test', 123, 'm', 1, 1, '2020_05_23_19_43.jpg', 0, '2020-05-20 14:53:07', '2020-05-20 14:53:07');

-- --------------------------------------------------------

--
-- Table structure for table `users_type`
--

CREATE TABLE `users_type` (
  `id` int(11) NOT NULL,
  `name` varchar(255) NOT NULL,
  `book_count` int(11) NOT NULL,
  `book_day` int(11) NOT NULL,
  `book_price` int(11) NOT NULL,
  `created_at` datetime NOT NULL DEFAULT current_timestamp()
) ENGINE=InnoDB DEFAULT CHARSET=utf8;

--
-- Dumping data for table `users_type`
--

INSERT INTO `users_type` (`id`, `name`, `book_count`, `book_day`, `book_price`, `created_at`) VALUES
(1, 'ажилтан', 5, 30, 0, '2020-03-30 18:22:00'),
(2, 'багш', 5, 30, 0, '2020-03-30 18:28:53'),
(3, 'оюутан', 3, 14, 500, '2020-03-30 18:30:53'),
(4, 'төгсөгч', 3, 14, 500, '2020-03-30 18:31:35'),
(6, 'чөлөө авсан', 3, 14, 500, '2020-04-23 17:37:16');

--
-- Indexes for dumped tables
--

--
-- Indexes for table `admin`
--
ALTER TABLE `admin`
  ADD PRIMARY KEY (`id`);

--
-- Indexes for table `angi`
--
ALTER TABLE `angi`
  ADD PRIMARY KEY (`id`);

--
-- Indexes for table `authors`
--
ALTER TABLE `authors`
  ADD PRIMARY KEY (`id`);

--
-- Indexes for table `book`
--
ALTER TABLE `book`
  ADD PRIMARY KEY (`id`);

--
-- Indexes for table `book_details`
--
ALTER TABLE `book_details`
  ADD PRIMARY KEY (`id`),
  ADD UNIQUE KEY `book_id_unque` (`book_id`) USING BTREE,
  ADD KEY `author_id` (`author_id`),
  ADD KEY `lang_id` (`lang_id`),
  ADD KEY `basic_id` (`basic_id`),
  ADD KEY `sub_id` (`sub_id`),
  ADD KEY `company_id` (`company_id`),
  ADD KEY `book_id_index` (`book_id`) USING BTREE,
  ADD KEY `flow_id` (`flow_id`);

--
-- Indexes for table `book_flow`
--
ALTER TABLE `book_flow`
  ADD PRIMARY KEY (`id`);

--
-- Indexes for table `book_rent`
--
ALTER TABLE `book_rent`
  ADD PRIMARY KEY (`id`),
  ADD KEY `user_code` (`user_code`),
  ADD KEY `book_code` (`book_code`);

--
-- Indexes for table `book_users`
--
ALTER TABLE `book_users`
  ADD PRIMARY KEY (`id`),
  ADD KEY `user_id` (`user_id`),
  ADD KEY `book_id` (`book_id`);

--
-- Indexes for table `burtgel`
--
ALTER TABLE `burtgel`
  ADD PRIMARY KEY (`id`),
  ADD KEY `user_id` (`user_id`),
  ADD KEY `angi_id` (`angi_id`),
  ADD KEY `code` (`code`);

--
-- Indexes for table `category`
--
ALTER TABLE `category`
  ADD PRIMARY KEY (`id`),
  ADD KEY `basic_id` (`basic_id`),
  ADD KEY `sub_id` (`sub_id`);

--
-- Indexes for table `category_basic`
--
ALTER TABLE `category_basic`
  ADD PRIMARY KEY (`id`);

--
-- Indexes for table `category_sub`
--
ALTER TABLE `category_sub`
  ADD PRIMARY KEY (`id`);

--
-- Indexes for table `chuulgan`
--
ALTER TABLE `chuulgan`
  ADD PRIMARY KEY (`id`);

--
-- Indexes for table `company`
--
ALTER TABLE `company`
  ADD PRIMARY KEY (`id`);

--
-- Indexes for table `languages`
--
ALTER TABLE `languages`
  ADD PRIMARY KEY (`id`);

--
-- Indexes for table `users`
--
ALTER TABLE `users`
  ADD PRIMARY KEY (`id`),
  ADD KEY `assembly_id` (`chuulgan_id`),
  ADD KEY `type_id` (`type_id`);

--
-- Indexes for table `users_type`
--
ALTER TABLE `users_type`
  ADD PRIMARY KEY (`id`);

--
-- AUTO_INCREMENT for dumped tables
--

--
-- AUTO_INCREMENT for table `admin`
--
ALTER TABLE `admin`
  MODIFY `id` int(11) NOT NULL AUTO_INCREMENT, AUTO_INCREMENT=2;

--
-- AUTO_INCREMENT for table `angi`
--
ALTER TABLE `angi`
  MODIFY `id` int(11) NOT NULL AUTO_INCREMENT, AUTO_INCREMENT=8;

--
-- AUTO_INCREMENT for table `authors`
--
ALTER TABLE `authors`
  MODIFY `id` int(11) NOT NULL AUTO_INCREMENT, AUTO_INCREMENT=87;

--
-- AUTO_INCREMENT for table `book`
--
ALTER TABLE `book`
  MODIFY `id` int(11) NOT NULL AUTO_INCREMENT, AUTO_INCREMENT=105;

--
-- AUTO_INCREMENT for table `book_details`
--
ALTER TABLE `book_details`
  MODIFY `id` int(11) NOT NULL AUTO_INCREMENT, AUTO_INCREMENT=105;

--
-- AUTO_INCREMENT for table `book_flow`
--
ALTER TABLE `book_flow`
  MODIFY `id` int(11) NOT NULL AUTO_INCREMENT, AUTO_INCREMENT=5;

--
-- AUTO_INCREMENT for table `book_rent`
--
ALTER TABLE `book_rent`
  MODIFY `id` int(11) NOT NULL AUTO_INCREMENT, AUTO_INCREMENT=2;

--
-- AUTO_INCREMENT for table `book_users`
--
ALTER TABLE `book_users`
  MODIFY `id` int(11) NOT NULL AUTO_INCREMENT, AUTO_INCREMENT=22;

--
-- AUTO_INCREMENT for table `burtgel`
--
ALTER TABLE `burtgel`
  MODIFY `id` int(11) NOT NULL AUTO_INCREMENT, AUTO_INCREMENT=135;

--
-- AUTO_INCREMENT for table `category`
--
ALTER TABLE `category`
  MODIFY `id` int(11) NOT NULL AUTO_INCREMENT, AUTO_INCREMENT=75;

--
-- AUTO_INCREMENT for table `category_basic`
--
ALTER TABLE `category_basic`
  MODIFY `id` int(11) NOT NULL AUTO_INCREMENT, AUTO_INCREMENT=23;

--
-- AUTO_INCREMENT for table `category_sub`
--
ALTER TABLE `category_sub`
  MODIFY `id` int(11) NOT NULL AUTO_INCREMENT, AUTO_INCREMENT=75;

--
-- AUTO_INCREMENT for table `chuulgan`
--
ALTER TABLE `chuulgan`
  MODIFY `id` int(11) NOT NULL AUTO_INCREMENT, AUTO_INCREMENT=9;

--
-- AUTO_INCREMENT for table `company`
--
ALTER TABLE `company`
  MODIFY `id` int(11) NOT NULL AUTO_INCREMENT, AUTO_INCREMENT=36;

--
-- AUTO_INCREMENT for table `languages`
--
ALTER TABLE `languages`
  MODIFY `id` int(11) NOT NULL AUTO_INCREMENT, AUTO_INCREMENT=11;

--
-- AUTO_INCREMENT for table `users`
--
ALTER TABLE `users`
  MODIFY `id` int(11) NOT NULL AUTO_INCREMENT, AUTO_INCREMENT=175;

--
-- AUTO_INCREMENT for table `users_type`
--
ALTER TABLE `users_type`
  MODIFY `id` int(11) NOT NULL AUTO_INCREMENT, AUTO_INCREMENT=7;

--
-- Constraints for dumped tables
--

--
-- Constraints for table `book_details`
--
ALTER TABLE `book_details`
  ADD CONSTRAINT `book_details_ibfk_2` FOREIGN KEY (`author_id`) REFERENCES `authors` (`id`),
  ADD CONSTRAINT `book_details_ibfk_3` FOREIGN KEY (`lang_id`) REFERENCES `languages` (`id`),
  ADD CONSTRAINT `book_details_ibfk_4` FOREIGN KEY (`basic_id`) REFERENCES `category_basic` (`id`),
  ADD CONSTRAINT `book_details_ibfk_5` FOREIGN KEY (`sub_id`) REFERENCES `category_sub` (`id`),
  ADD CONSTRAINT `book_details_ibfk_6` FOREIGN KEY (`company_id`) REFERENCES `company` (`id`),
  ADD CONSTRAINT `book_details_ibfk_7` FOREIGN KEY (`book_id`) REFERENCES `book` (`id`),
  ADD CONSTRAINT `book_details_ibfk_8` FOREIGN KEY (`flow_id`) REFERENCES `book_flow` (`id`);

--
-- Constraints for table `book_rent`
--
ALTER TABLE `book_rent`
  ADD CONSTRAINT `book_rent_ibfk_1` FOREIGN KEY (`user_code`) REFERENCES `burtgel` (`code`),
  ADD CONSTRAINT `book_rent_ibfk_2` FOREIGN KEY (`book_code`) REFERENCES `book` (`id`);

--
-- Constraints for table `book_users`
--
ALTER TABLE `book_users`
  ADD CONSTRAINT `book_users_ibfk_1` FOREIGN KEY (`user_id`) REFERENCES `users` (`id`),
  ADD CONSTRAINT `book_users_ibfk_2` FOREIGN KEY (`book_id`) REFERENCES `book` (`id`);

--
-- Constraints for table `burtgel`
--
ALTER TABLE `burtgel`
  ADD CONSTRAINT `burtgel_ibfk_1` FOREIGN KEY (`user_id`) REFERENCES `users` (`id`),
  ADD CONSTRAINT `burtgel_ibfk_2` FOREIGN KEY (`angi_id`) REFERENCES `angi` (`id`);

--
-- Constraints for table `users`
--
ALTER TABLE `users`
  ADD CONSTRAINT `users_ibfk_1` FOREIGN KEY (`type_id`) REFERENCES `users_type` (`id`),
  ADD CONSTRAINT `users_ibfk_2` FOREIGN KEY (`chuulgan_id`) REFERENCES `chuulgan` (`id`);
COMMIT;

/*!40101 SET CHARACTER_SET_CLIENT=@OLD_CHARACTER_SET_CLIENT */;
/*!40101 SET CHARACTER_SET_RESULTS=@OLD_CHARACTER_SET_RESULTS */;
/*!40101 SET COLLATION_CONNECTION=@OLD_COLLATION_CONNECTION */;
